time,latitude,longitude,depth,mag,magType,nst,gap,dmin,rms,net,id,updated,place,type,horizontalError,depthError,magError,magNst,status,locationSource,magSource
2026-05-11T23:16:35.604Z,-25.6176,-71.3511,10,4.5,mb,45,183,0.859,0.79,us,us6000sx1u,2026-05-12T00:36:23.040Z,"90 km WSW of Taltal, Chile",earthquake,5.53,1.929,0.171,10,reviewed,us,us
2026-05-11T20:18:48.528Z,13.0978,145.9155,10,4.8,mb,58,79,8.092,0.77,us,us6000sx06,2026-05-11T20:42:37.040Z,"121 km ESE of Yigo Village, Guam",earthquake,12.12,1.886,0.051,119,reviewed,us,us
2026-05-11T17:14:44.573Z,-31.7052,-70.5124,9.018,4.8,mb,36,87,0.518,0.42,us,us6000swyj,2026-05-11T18:19:17.040Z,"43 km E of Salamanca, Chile",earthquake,2.29,4.341,0.086,42,reviewed,us,us
2026-05-11T09:48:51.604Z,-9.2967,159.1915,10,5.2,mww,84,49,0.759,0.6,us,us6000swvm,2026-05-11T17:58:35.040Z,"72 km NW of Malango, Solomon Islands",earthquake,6.55,1.86,0.073,18,reviewed,us,us
2026-05-11T05:35:52.128Z,-23.046,-68.633,112.298,4.6,mb,44,68,0.429,0.47,us,us6000swuu,2026-05-11T06:05:10.040Z,"46 km WSW of San Pedro de Atacama, Chile",earthquake,3.96,5.258,0.094,34,reviewed,us,us
2026-05-11T01:41:17.815Z,27.3989,129.4593,10,5,mb,71,88,1.197,0.99,us,us6000swtz,2026-05-11T02:15:09.040Z,"60 km ESE of Isen, Japan",earthquake,5.83,1.837,0.046,149,reviewed,us,us
2026-05-11T00:21:40.314Z,39.8116,143.6317,10,4.9,mww,90,58,2.193,0.54,us,us6000swtm,2026-05-11T01:57:09.040Z,"146 km E of Miyako, Japan",earthquake,6.95,1.698,0.068,21,reviewed,us,us
2026-05-10T23:20:55.111Z,-23.4697,-179.8206,542.202,5,mb,56,62,5.996,0.65,us,us6000swte,2026-05-11T03:40:11.040Z,"south of the Fiji Islands",earthquake,12.23,6.111,0.031,322,reviewed,us,us
2026-05-10T23:15:43.825Z,-23.3618,-179.9969,562.91,5.1,mb,93,66,11.591,0.66,us,us6000swtd,2026-05-11T03:41:42.040Z,"south of the Fiji Islands",earthquake,12,6.031,0.026,463,reviewed,us,us
2026-05-10T21:08:18.305Z,17.8567,145.6782,174.768,4.6,mb,49,55,23.325,0.82,us,us6000swss,2026-05-10T22:08:23.727Z,"292 km N of Saipan, Northern Mariana Islands",earthquake,12.93,7.424,0.071,59,reviewed,us,us
2026-05-10T20:29:54.713Z,36.7079,26.7078,158.504,4.7,mb,47,64,1.215,0.95,us,us6000swsg,2026-05-10T20:41:13.040Z,"22 km W of Kéfalos, Greece",earthquake,5.87,1.751,0.089,39,reviewed,us,us
2026-05-10T20:16:45.329Z,-8.8937,157.997,10,4.9,mb,40,62,2,0.61,us,us6000swv6,2026-05-11T14:13:03.040Z,"154 km SE of Gizo, Solomon Islands",earthquake,9.36,1.862,0.097,33,reviewed,us,us
2026-05-10T19:36:36.864Z,20.495,94.1576,58.752,5,mb,104,59,1.002,0.59,us,us6000sws5,2026-05-10T19:55:14.040Z,"74 km W of Yenangyaung, Burma (Myanmar)",earthquake,6.14,6.483,0.043,170,reviewed,us,us
2026-05-10T16:41:43.464Z,-16.8014,-173.4234,10,5.3,mb,64,54,3.283,1.19,us,us6000swr8,2026-05-10T17:03:34.040Z,"101 km SSE of Hihifo, Tonga",earthquake,9.23,1.786,0.033,297,reviewed,us,us
2026-05-10T16:34:33.326Z,-5.3168,145.5539,91.215,5.2,mww,59,33,4.362,1.05,us,us6000swr6,2026-05-11T05:36:41.721Z,"27 km WSW of Madang, Papua New Guinea",earthquake,7.71,7.073,0.08,15,reviewed,us,us
2026-05-10T15:53:24.021Z,0.6495,126.0166,35,4.5,mb,24,112,6.44,0.86,us,us6000swr0,2026-05-10T20:31:10.040Z,"132 km SE of Bitung, Indonesia",earthquake,12.58,1.733,0.118,25,reviewed,us,us
2026-05-10T12:24:34.277Z,1.2342,120.5431,35,4.7,mb,33,122,6.257,0.98,us,us6000swq8,2026-05-10T12:48:37.040Z,"248 km NNE of Palu, Indonesia",earthquake,13.15,1.948,0.096,33,reviewed,us,us
2026-05-10T12:21:22.589Z,38.5344,-27.5038,10,4.6,mb,39,170,1.74,0.93,us,us6000swq9,2026-05-10T12:41:37.040Z,"22 km SW of Santa Bárbara, Portugal",earthquake,11.78,1.923,0.062,79,reviewed,us,us
2026-05-10T08:03:57.027Z,-37.7665,-73.3233,30.633,4.7,mb,39,147,1.025,1.15,us,us6000swni,2026-05-10T08:30:45.040Z,"7 km ENE of Cañete, Chile",earthquake,7.53,5.627,0.092,36,reviewed,us,us
2026-05-10T07:10:21.250Z,32.971333333333,-115.56233333333,14.53,4.6648691912206,mw,66,39,0.06968,0.25,ci,ci41461608,2026-05-11T19:15:05.877Z,"3 km WSW of Brawley, CA",earthquake,0.22,0.49,,10,reviewed,ci,ci
2026-05-10T03:39:29.810Z,32.977833333333,-115.54983333333,15.9,4.4811285884881,mw,67,39,0.0767,0.27,ci,ci41460512,2026-05-11T03:57:59.923Z,"2 km W of Brawley, CA",earthquake,0.21,0.38,,10,reviewed,ci,ci
2026-05-10T02:42:23.775Z,-7.0242,132.0136,10,5,mb,25,104,3.253,0.98,us,us6000swk8,2026-05-10T03:01:45.040Z,"174 km SSW of Tual, Indonesia",earthquake,5.51,1.885,0.113,26,reviewed,us,us
2026-05-10T02:34:07.249Z,-37.7219,-73.1062,34.251,5.5,mww,55,136,1.092,1.12,us,us6000swk0,2026-05-11T22:41:36.201Z,"27 km ENE of Cañete, Chile",earthquake,3.09,4.725,0.059,28,reviewed,us,us
2026-05-10T01:50:13.905Z,5.6691,126.3518,98.708,4.6,mb,41,105,1.589,0.91,us,us6000swjc,2026-05-10T04:28:34.040Z,"78 km SSE of Pondaguitan, Philippines",earthquake,10.98,7.56,0.087,39,reviewed,us,us
2026-05-09T23:11:14.273Z,-17.5199,-173.3122,35,4.8,mb,44,126,3.881,1.06,us,us6000swj8,2026-05-10T23:11:33.040Z,"143 km NNE of Neiafu, Tonga",earthquake,13.5,1.881,0.085,48,reviewed,us,us
2026-05-09T21:52:46.536Z,-38.8053,175.1941,225.129,4.9,mb,34,98,0.394,0.79,us,us6000swi4,2026-05-10T22:30:52.122Z,"57 km WNW of Turangi, New Zealand",earthquake,7.96,5.59,0.212,7,reviewed,us,us
2026-05-09T20:39:49.843Z,-26.8393,-176.7692,10,5.3,mb,35,76,2.607,0.98,us,us6000swhy,2026-05-09T20:57:14.040Z,"south of the Fiji Islands",earthquake,11.95,1.88,0.049,139,reviewed,us,us
2026-05-09T20:26:12.892Z,8.5964,-82.8661,29.933,4.5,mb,26,153,0.76,1.29,us,us6000swhx,2026-05-09T21:20:32.040Z,"5 km NW of Paso Canoas Arriba, Panama",earthquake,8.75,6.447,0.113,23,reviewed,us,us
2026-05-09T16:18:52.053Z,24.5387,123.7707,35.445,4.6,mww,203,50,0.695,0.61,us,us6000swhc,2026-05-09T20:57:30.040Z,"44 km WNW of Ishigaki, Japan",earthquake,5.26,4.118,0.083,14,reviewed,us,us
2026-05-09T14:22:52.509Z,-58.024,-25.6886,97.443,5.1,mb,68,92,7.099,0.57,us,us6000swh0,2026-05-09T19:11:49.040Z,"South Sandwich Islands region",earthquake,6.11,5.544,0.082,48,reviewed,us,us
2026-05-09T09:12:13.117Z,-2.9287,147.7678,10,5,mb,47,54,0.967,1.15,us,us6000swg6,2026-05-09T09:27:24.040Z,"113 km SSE of Lorengau, Papua New Guinea",earthquake,8.15,1.877,0.094,36,reviewed,us,us
2026-05-09T04:58:02.120Z,41.502666666667,-125.218,26.13,4.8,mw,31,240,0.8106,0.31,nc,nc75357576,2026-05-12T00:27:20.001Z,"89 km WSW of Crescent City, CA",earthquake,1.32,25.29,,16,reviewed,nc,nc
2026-05-09T04:42:23.298Z,51.0818,179.349,26.482,5.8,mww,63,132,0.299,1.15,us,us6000swf4,2026-05-11T04:52:26.837Z,"292 km WSW of Adak, Alaska",earthquake,4.6,5.473,0.039,63,reviewed,us,us
2026-05-09T00:10:26.670Z,-2.1622,139.0989,10,4.6,mb,32,74,1.641,0.67,us,us6000swe0,2026-05-09T00:34:30.040Z,"177 km WNW of Abepura, Indonesia",earthquake,8.98,1.874,0.085,42,reviewed,us,us
2026-05-08T21:18:55.370Z,-2.8144,147.7297,10,4.9,mb,35,83,0.848,0.84,us,us6000swcg,2026-05-08T21:53:11.040Z,"100 km SSE of Lorengau, Papua New Guinea",earthquake,3.78,1.9,0.097,33,reviewed,us,us
2026-05-08T21:15:06.256Z,-22.9664,179.0119,573.426,4.5,mb,47,131,5.272,0.88,us,us6000swcc,2026-05-08T22:26:18.040Z,"south of the Fiji Islands",earthquake,13.34,8.533,0.04,182,reviewed,us,us
2026-05-08T20:03:25.803Z,51.0534,179.4162,37.027,4.7,mb,101,181,0.333,0.96,us,us6000swbu,2026-05-08T20:27:38.977Z,"289 km WSW of Adak, Alaska",earthquake,6.43,7.642,0.039,201,reviewed,us,us
2026-05-08T17:14:38.393Z,-15.1037,-75.8215,10,4.8,mb,34,143,3.253,0.86,us,us6000swai,2026-05-08T17:55:56.545Z,"76 km WNW of San Juan, Peru",earthquake,11.06,1.923,0.055,102,reviewed,us,us
2026-05-08T17:10:18.808Z,39.9216,143.2621,35,4.6,mb,59,136,1.89,0.59,us,us6000swak,2026-05-08T17:37:27.040Z,"117 km ENE of Miyako, Japan",earthquake,8.35,1.927,0.068,65,reviewed,us,us
2026-05-08T12:38:37.970Z,-2.9327,147.7874,10,4.9,mb,17,153,0.979,1.15,us,us6000sw71,2026-05-08T13:05:27.040Z,"114 km SSE of Lorengau, Papua New Guinea",earthquake,5.76,1.899,0.125,20,reviewed,us,us
2026-05-08T12:22:31.861Z,-2.9127,147.7321,10,5.6,mww,68,54,0.938,0.75,us,us6000sw6y,2026-05-09T12:50:04.932Z,"109 km SSE of Lorengau, Papua New Guinea",earthquake,6.21,1.867,0.083,14,reviewed,us,us
2026-05-08T12:13:21.448Z,-3.0594,147.7629,10,4.6,mb,49,149,1.084,0.78,us,us6000sw6x,2026-05-09T12:57:51.040Z,"125 km SSE of Lorengau, Papua New Guinea",earthquake,8.58,1.883,0.073,56,reviewed,us,us
2026-05-08T12:06:02.939Z,-2.8549,147.8959,10,4.7,mb,36,58,0.964,1.28,us,us6000sw6v,2026-05-08T12:28:18.040Z,"114 km SE of Lorengau, Papua New Guinea",earthquake,6.44,1.875,0.097,32,reviewed,us,us
2026-05-08T11:38:55.907Z,46.8298,92.8746,10,4.7,mb,63,67,7.264,0.65,us,us6000sw6q,2026-05-08T13:44:08.023Z,"160 km SE of Khovd, Mongolia",earthquake,8.66,1.87,0.053,106,reviewed,us,us
2026-05-08T09:32:03.492Z,-3.0223,147.9244,10,4.6,mb,31,72,1.121,0.44,us,us6000sw9y,2026-05-11T10:00:07.040Z,"131 km SSE of Lorengau, Papua New Guinea",earthquake,7.38,1.903,0.104,28,reviewed,us,us
2026-05-08T07:17:43.055Z,-43.412,91.7023,10,5.9,mww,69,61,15.951,0.87,us,us6000sw5q,2026-05-09T07:40:43.602Z,"southeast Indian Ridge",earthquake,5.25,1.863,0.061,26,reviewed,us,us
2026-05-08T03:39:30.083Z,6.5836,-82.2847,10,4.8,mww,37,154,2.826,1.04,us,us6000sw44,2026-05-08T03:52:41.040Z,"163 km SW of Río Grande, Panama",earthquake,7.87,1.946,0.089,12,reviewed,us,us
2026-05-08T01:29:17.864Z,-23.7788,-66.5836,197.525,4.8,mww,79,48,1.681,1.21,us,us6000sw3f,2026-05-08T01:46:59.040Z,"55 km NNW of San Antonio de los Cobres, Argentina",earthquake,6.49,5.745,0.078,16,reviewed,us,us
2026-05-07T23:31:16.196Z,37.6229,141.4443,65.208,4.7,mww,71,139,2.803,0.53,us,us6000sw2r,2026-05-08T01:10:21.040Z,"41 km E of Minami-Sōma, Japan",earthquake,9.69,7.216,0.086,13,reviewed,us,us
2026-05-07T18:50:02.354Z,36.3135,140.047,78.805,4.6,mb,127,103,1.5,0.79,us,us6000sw0d,2026-05-11T05:42:41.896Z,"5 km E of Chikusei, Japan",earthquake,8.54,6.132,0.052,109,reviewed,us,us
2026-05-07T16:54:03.840Z,7.4738,-34.6353,10,4.7,mb,26,131,13.128,0.92,us,us6000svzd,2026-05-07T17:24:52.040Z,"central Mid-Atlantic Ridge",earthquake,11.41,1.839,0.071,63,reviewed,us,us
2026-05-07T11:48:41.636Z,-17.9613,-178.0277,586.653,5.1,mb,60,94,3.634,1.08,us,us6000svwn,2026-05-07T12:03:09.040Z,"281 km E of Levuka, Fiji",earthquake,11.65,9.074,0.074,60,reviewed,us,us
2026-05-07T11:32:01.976Z,51.8366,158.6642,87.869,4.5,mb,46,138,1.404,0.84,us,us6000svwk,2026-05-08T06:34:22.040Z,"123 km S of Vilyuchinsk, Russia",earthquake,10.84,7.361,0.061,78,reviewed,us,us
2026-05-07T08:53:28.180Z,-27.3997,-176.6255,41.226,5.3,mb,45,81,2.168,0.94,us,us6000svw1,2026-05-08T12:43:10.040Z,"Kermadec Islands region",earthquake,12.55,6.866,0.062,88,reviewed,us,us
2026-05-07T08:13:51.397Z,14.1541,-93.13,10,4.7,mb,53,177,2.322,0.96,us,us6000svvr,2026-05-07T08:30:34.040Z,"98 km SW of Puerto Madero, Mexico",earthquake,10.11,1.946,0.029,354,reviewed,us,us
2026-05-07T06:39:18.133Z,29.2335,129.4091,10,4.7,mb,42,109,2.441,0.68,us,us6000svvf,2026-05-07T06:55:27.040Z,"88 km NNW of Tatsugō, Japan",earthquake,5.86,1.89,0.084,43,reviewed,us,us
2026-05-07T01:23:05.220Z,-5.7445,154.2368,142.299,5.1,mww,46,87,2.578,1.03,us,us6000svu7,2026-05-07T01:42:11.040Z,"151 km WNW of Panguna, Papua New Guinea",earthquake,10.86,6.892,0.08,15,reviewed,us,us
2026-05-06T22:06:49.692Z,-2.2614,-79.181,96.81,4.6,mb,46,104,0.217,0.68,us,us6000svsx,2026-05-07T15:24:06.057Z,"25 km NE of La Troncal, Ecuador",earthquake,6.44,4.163,0.054,104,reviewed,us,us
2026-05-06T19:19:18.002Z,-59.5458,-24.0937,10,4.9,mb,66,81,8.582,0.57,us,us6000svrl,2026-05-08T17:12:13.040Z,"South Sandwich Islands region",earthquake,9.32,2.511,0.08,51,reviewed,us,us
2026-05-06T15:35:46.736Z,7.6333,126.7818,10,5.5,mww,113,69,1.318,1.25,us,us6000svp9,2026-05-07T16:08:25.589Z,"25 km ENE of Baganga, Philippines",earthquake,8.07,1.842,0.065,23,reviewed,us,us
2026-05-06T15:17:34.286Z,28.9344,95.9538,10,4.5,mb,79,86,4.283,0.8,us,us6000svp7,2026-05-06T16:33:50.040Z,"111 km NNW of Hayuliang, India",earthquake,8.15,1.867,0.072,57,reviewed,us,us
2026-05-06T14:15:32.254Z,52.2595,176.518,10,5.8,mww,116,74,1.302,0.56,us,us6000svnr,2026-05-07T18:13:13.040Z,"235 km ESE of Attu Station, Alaska",earthquake,6.56,1.865,0.039,64,reviewed,us,us
2026-05-06T12:55:50.757Z,-17.8553,167.2462,10,4.8,mb,40,134,2.395,1.42,us,us6000svnc,2026-05-06T13:30:33.040Z,"113 km W of Port-Vila, Vanuatu",earthquake,8.71,1.873,0.097,33,reviewed,us,us
2026-05-06T11:46:48.851Z,-32.1671,-177.9339,10,5.6,mwb,53,62,2.913,0.65,us,us6000svmz,2026-05-08T16:44:22.040Z,"south of the Kermadec Islands",earthquake,11.19,1.812,0.11,8,reviewed,us,us
2026-05-06T11:31:43.685Z,-30.1791,-72.2383,10,4.7,mwr,65,138,0.717,1.16,us,us6000svmu,2026-05-06T11:50:19.040Z,"90 km WSW of Coquimbo, Chile",earthquake,3.14,1.858,0.043,53,reviewed,us,us
2026-05-06T10:04:22.519Z,28.0501,56.7912,10,4.6,mb,65,96,3.137,0.48,us,us6000svma,2026-05-06T11:33:48.040Z,"91 km ESE of Ḩājjīābād, Iran",earthquake,9.27,1.864,0.068,65,reviewed,us,us
2026-05-06T09:43:13.683Z,-5.7284,154.4199,103.644,5.2,mww,65,67,2.717,0.7,us,us6000svm3,2026-05-06T09:59:41.040Z,"134 km WNW of Panguna, Papua New Guinea",earthquake,7.48,6.704,0.083,14,reviewed,us,us
2026-05-06T08:19:31.360Z,-30.1311,-72.0835,10,4.6,mb,38,145,0.665,0.52,us,us6000svkt,2026-05-06T09:19:52.040Z,"74 km WSW of Coquimbo, Chile",earthquake,4.76,1.886,0.066,70,reviewed,us,us
2026-05-06T04:41:41.951Z,-33.4716,179.6745,140.823,4.5,mb,17,131,5.093,0.59,us,us6000svia,2026-05-07T21:44:53.040Z,"south of the Kermadec Islands",earthquake,14.78,3.71,0.156,12,reviewed,us,us
2026-05-06T04:06:08.205Z,29.8578,70.0991,10,4.9,mb,42,122,8.662,0.92,us,us6000svi6,2026-05-06T04:19:20.040Z,"42 km NW of Dajal, Pakistan",earthquake,9.73,1.873,0.087,42,reviewed,us,us
2026-05-06T03:03:49.136Z,29.2625,142.5455,10,4.8,mb,48,121,7.656,0.64,us,us6000svhx,2026-05-06T03:21:21.040Z,"Izu Islands, Japan region",earthquake,11.18,1.87,0.046,144,reviewed,us,us
2026-05-06T00:08:38.615Z,-4.6061,153.6159,105.251,4.5,mb,37,119,1.505,0.51,us,us6000svh0,2026-05-06T01:16:18.040Z,"152 km E of Kokopo, Papua New Guinea",earthquake,10.36,7.236,0.103,28,reviewed,us,us
2026-05-05T23:10:51.950Z,7.9301,126.8824,35,4.6,mb,22,125,1.549,0.57,us,us6000svgp,2026-05-06T00:01:05.040Z,"45 km NE of Kinablangan, Philippines",earthquake,9.54,1.942,0.129,18,reviewed,us,us
2026-05-05T21:01:46.391Z,-55.8158,-27.5173,69.721,4.9,mb,65,101,5.381,0.55,us,us6000svfd,2026-05-06T00:30:32.040Z,"South Sandwich Islands region",earthquake,12.95,7.542,0.09,39,reviewed,us,us
2026-05-05T20:53:20.849Z,34.1806,45.7647,10,4.9,mww,61,76,0.935,1.24,us,us6000svfc,2026-05-05T21:10:34.040Z,"32 km SSW of Sarpol-e Z̄ahāb, Iran",earthquake,7.55,1.847,0.083,14,reviewed,us,us
2026-05-05T15:58:27.033Z,-3.547,-80.6705,50.695,5.1,mwr,159,84,0.602,0.67,us,us6000svc4,2026-05-06T15:14:13.732Z,"14 km N of Zorritos, Peru",earthquake,7.41,5.268,0.098,10,reviewed,us,us
2026-05-05T15:38:03.274Z,-7.5791,129.8196,64.195,4.5,mb,60,98,3.038,1.14,us,us6000svbx,2026-05-05T17:57:31.040Z,"Kepulauan Babar, Indonesia",earthquake,3.34,7.57,0.08,49,reviewed,us,us
2026-05-05T15:09:37.443Z,-35.269,78.5793,10,5.1,mww,99,31,24.463,0.4,us,us6000svbv,2026-05-06T14:40:40.040Z,"Mid-Indian Ridge",earthquake,10.93,1.798,0.11,8,reviewed,us,us
2026-05-05T13:46:53.373Z,-6.5523,130.0678,158.148,4.5,mb,48,75,2.023,0.76,us,us7000siex,2026-05-05T17:41:05.040Z,"Banda Sea",earthquake,8.69,7.366,0.089,40,reviewed,us,us
2026-05-05T09:37:39.829Z,-36.6416,177.2415,10,4.5,mwr,41,184,1.764,0.61,us,us7000sie8,2026-05-05T10:18:05.040Z,"129 km ENE of Pauanui, New Zealand",earthquake,8.41,1.974,0.083,14,reviewed,us,us
2026-05-05T08:43:45.408Z,-36.6406,177.3335,10,4.9,mww,34,102,1.823,0.94,us,us7000sidy,2026-05-06T09:10:22.733Z,"136 km NW of Hicks Bay, New Zealand",earthquake,7.63,1.929,0.069,20,reviewed,us,us
2026-05-05T08:00:43.579Z,-36.7452,177.2617,10,5.8,mww,58,63,1.715,0.79,us,us7000sidq,2026-05-06T08:29:38.685Z,"127 km ENE of Pauanui, New Zealand",earthquake,7.43,1.88,0.041,56,reviewed,us,us
2026-05-05T06:44:51.479Z,-10.1135,119.3245,35.536,5.8,mww,67,62,1.991,0.89,us,us7000sicu,2026-05-06T07:11:12.766Z,"76 km S of Tambolaka, Indonesia",earthquake,7.53,6.566,0.065,23,reviewed,us,us
2026-05-05T04:10:49.268Z,25.2767,96.4552,10,4.5,mb,49,79,4.292,0.59,us,us7000sibr,2026-05-05T04:37:59.040Z,"95 km W of Myitkyina, Burma (Myanmar)",earthquake,11.65,1.903,0.09,36,reviewed,us,us
2026-05-05T04:08:41.987Z,-23.068,-179.9266,578.672,4.5,mb,29,136,5.625,0.65,us,us7000sibq,2026-05-11T16:05:22.040Z,"south of the Fiji Islands",earthquake,17.06,10.335,0.1,31,reviewed,us,us
2026-05-05T02:39:52.449Z,38.4568,-116.5006,10,4.47,mwr,7,183,0.229,0.1954,nn,nn00917635,2026-05-11T02:50:04.354Z,"77 km NE of Tonopah, Nevada",earthquake,,6.2568,,,reviewed,nn,nn
2026-05-05T02:38:49.853Z,-6.4335,130.1627,153.768,5.3,mb,58,27,1.916,0.84,us,us7000siat,2026-05-05T02:54:09.040Z,"Banda Sea",earthquake,7.34,6.495,0.073,63,reviewed,us,us
2026-05-05T02:38:47.990Z,53.6488,-165.5555,57.785,4.7,mwr,56,93,0.502,1.01,us,us7000siar,2026-05-05T05:13:45.926Z,"55 km SSE of Akutan, Alaska",earthquake,5.78,5.468,0.062,25,reviewed,us,us
2026-05-05T02:01:19.027Z,47.9682,156.0997,10,4.6,mb,47,171,10.147,0.8,us,us7000siaj,2026-05-11T16:02:33.040Z,"east of the Kuril Islands",earthquake,8.59,1.919,0.081,45,reviewed,us,us
2026-05-05T00:16:51.219Z,-25.945,130.8724,10,4.5,mb,11,118,5.416,0.29,us,us7000si9y,2026-05-05T02:37:09.040Z,"78 km S of Yulara, Australia",earthquake,7.26,1.927,0.172,10,reviewed,us,us
2026-05-04T23:54:06.749Z,39.9667,143.0076,32.082,5.2,mww,108,40,1.696,0.52,us,us7000si9t,2026-05-05T02:18:04.809Z,"98 km ENE of Miyako, Japan",earthquake,5.56,3.664,0.086,13,reviewed,us,us
2026-05-04T21:42:00.110Z,39.9213,143.3419,12.457,4.8,mb,49,117,1.944,0.43,us,us7000si98,2026-05-05T01:26:08.040Z,"123 km ENE of Miyako, Japan",earthquake,6.81,3.724,0.06,87,reviewed,us,us
2026-05-04T20:39:33.215Z,28.3387,54.2889,10,4.5,mb,83,55,3.789,0.54,us,us7000si8q,2026-05-05T14:47:31.040Z,"51 km SSW of Dārāb, Iran",earthquake,8.78,1.874,0.06,81,reviewed,us,us
2026-05-04T19:14:27.450Z,52.1273,176.2987,10,4.5,mb,53,182,1.414,0.81,us,us7000si80,2026-05-04T21:38:24.754Z,"226 km ESE of Attu Station, Alaska",earthquake,12.1,1.952,0.064,71,reviewed,us,us
2026-05-04T17:38:28.460Z,-4.6249,153.457,88.394,4.5,mb,36,103,1.36,0.96,us,us7000si7l,2026-05-11T16:01:21.040Z,"135 km ESE of Kokopo, Papua New Guinea",earthquake,10.55,7.483,0.099,30,reviewed,us,us
2026-05-04T16:47:47.610Z,30.6809,60.0077,10,4.8,mb,46,91,6.631,1.33,us,us7000si6f,2026-05-04T17:04:20.040Z,"86 km N of Noşratābād, Iran",earthquake,7.81,1.405,0.077,52,reviewed,us,us
2026-05-04T16:03:03.672Z,29.5206,102.0961,10,4.6,mb,58,116,6.467,0.97,us,us7000si5h,2026-05-10T19:41:01.040Z,"55 km SSE of Kangding, China",earthquake,7.15,1.812,0.074,58,reviewed,us,us
2026-05-04T15:19:26.467Z,16.6223,-97.9846,22.194,5.7,mww,71,123,1.088,0.99,us,us7000si51,2026-05-05T16:43:05.040Z,"2 km SE of Zocoteaca de León, Mexico",earthquake,9.06,4.265,0.045,47,reviewed,us,us
2026-05-04T15:03:00.744Z,29.4655,102.1502,10,4.8,mb,41,54,6.429,1.13,us,us7000si54,2026-05-04T16:11:13.040Z,"62 km SSE of Kangding, China",earthquake,5.17,1.885,0.099,33,reviewed,us,us
2026-05-04T13:50:44.282Z,11.5237,-86.9774,50.358,4.5,mb,67,171,1.747,0.99,us,us7000si4v,2026-05-04T15:01:05.040Z,"58 km WSW of Masachapa, Nicaragua",earthquake,12.37,8.5,0.045,146,reviewed,us,us
2026-05-04T10:02:29.077Z,46.7345,152.867,35,4.6,mb,58,93,7.1,0.87,us,us7000si47,2026-05-04T14:06:23.040Z,"Kuril Islands",earthquake,9.97,1.911,0.047,136,reviewed,us,us
2026-05-04T09:27:24.671Z,-23.7915,-13.376,10,4.8,mb,33,64,29.132,0.87,us,us6000svkh,2026-05-06T07:55:15.040Z,"southern Mid-Atlantic Ridge",earthquake,4.66,1.878,0.099,31,reviewed,us,us
2026-05-04T08:22:02.570Z,-27.0136,-71.1957,25.034,4.9,mb,53,142,0.321,0.81,us,us7000si3t,2026-05-04T08:51:06.040Z,"94 km WNW of Copiapó, Chile",earthquake,4.05,3.628,0.066,73,reviewed,us,us
2026-05-04T06:41:05.197Z,-4.0947,152.8839,69.283,4.7,mb,31,94,0.725,0.68,us,us7000si3e,2026-05-04T07:13:38.040Z,"73 km ENE of Kokopo, Papua New Guinea",earthquake,7.74,6.167,0.102,29,reviewed,us,us
2026-05-04T06:09:50.058Z,11.7774,125.3718,73.268,6,mww,82,27,4.682,0.88,us,us7000si2z,2026-05-08T13:44:39.832Z,"5 km WNW of Nena, Philippines",earthquake,5.62,7.19,0.052,36,reviewed,us,us
2026-05-04T05:55:42.224Z,38.5799,73.7437,106.016,4.6,mb,61,105,1.024,0.53,us,us7000si2w,2026-05-04T10:04:40.040Z,"49 km NNW of Murghob, Tajikistan",earthquake,2.69,7.321,0.066,69,reviewed,us,us
2026-05-04T03:37:06.423Z,3.0938,126.7085,35,4.6,mb,31,107,4.107,0.77,us,us7000si2c,2026-05-04T03:54:40.040Z,"209 km NW of Tobelo, Indonesia",earthquake,13.03,1.926,0.091,36,reviewed,us,us
2026-05-03T20:54:57.763Z,3.7804,126.7819,35,4.5,mb,20,124,3.48,0.74,us,us7000si0r,2026-05-03T21:08:52.040Z,"231 km SE of Sarangani, Philippines",earthquake,10.19,1.904,0.124,19,reviewed,us,us
2026-05-03T19:20:10.387Z,54.1902,-162.9301,42.72,4.6,mwr,31,186,0.726,0.71,us,us7000si08,2026-05-04T02:42:01.830Z,"80 km SSE of False Pass, Alaska",earthquake,6.24,9.302,0.059,28,reviewed,us,us
2026-05-03T18:39:57.943Z,41.33,84.0021,10,4.6,mb,63,93,3.898,0.69,us,us7000si03,2026-05-03T19:07:49.040Z,"99 km ESE of Kuqa, China",earthquake,9.01,1.88,0.074,55,reviewed,us,us
2026-05-03T16:51:55.609Z,1.1392,126.7249,58.412,4.6,mb,46,92,6.001,1.17,us,us7000shzi,2026-05-03T17:12:19.040Z,"82 km WNW of Ternate, Indonesia",earthquake,10.73,7.917,0.089,39,reviewed,us,us
2026-05-03T16:36:14.963Z,-18.5355,-175.7821,292.274,5,mb,43,57,4.765,0.8,us,us7000shze,2026-05-03T16:52:54.040Z,"190 km W of Neiafu, Tonga",earthquake,11.62,7.914,0.097,34,reviewed,us,us
2026-05-03T16:18:53.661Z,24.9201,123.2744,131.448,4.9,mb,64,65,0.511,0.82,us,us7000shza,2026-05-03T16:36:49.040Z,"57 km NNE of Yonakuni, Japan",earthquake,7.21,5.214,0.039,205,reviewed,us,us
2026-05-03T10:00:34.729Z,42.2525,88.2014,10,5.1,mb,85,40,6.201,0.58,us,us7000shy4,2026-05-03T10:18:38.040Z,"111 km SW of Turpan, China",earthquake,9.37,1.864,0.044,168,reviewed,us,us
2026-05-03T07:07:10.470Z,28.9934,142.5152,10,4.5,mb,40,128,7.859,0.5,us,us7000shxg,2026-05-03T07:35:36.040Z,"Bonin Islands, Japan region",earthquake,5.54,1.857,0.073,55,reviewed,us,us
2026-05-03T06:57:42.510Z,1.5293,126.2707,35,4.8,mb,58,93,7.432,1.3,us,us7000shxd,2026-05-03T07:29:49.040Z,"127 km E of Bitung, Indonesia",earthquake,9.68,1.916,0.079,50,reviewed,us,us
2026-05-03T04:40:23.019Z,-4.794,152.3696,10,4.9,mb,12,171,0.633,1.07,us,us7000shwv,2026-05-03T04:59:11.040Z,"51 km SSE of Kokopo, Papua New Guinea",earthquake,6.25,1.984,0.177,10,reviewed,us,us
2026-05-02T21:19:13.344Z,-37.5613,178.2023,35,5.1,mww,32,197,1.427,1.44,us,us7000shut,2026-05-03T21:49:27.836Z,"9 km WNW of Hicks Bay, New Zealand",earthquake,6.02,1.953,0.083,14,reviewed,us,us
2026-05-02T20:29:54.091Z,-15.0835,-175.5446,10,4.6,mb,31,111,2.61,0.69,us,us7000shup,2026-05-11T16:49:45.040Z,"210 km SSE of Mata-Utu, Wallis and Futuna",earthquake,9.38,1.883,0.108,26,reviewed,us,us
2026-05-02T19:50:46.409Z,-63.0576,146.0836,10,4.6,mb,21,161,14.404,0.65,us,us7000shyf,2026-05-03T13:59:21.040Z,"south of Australia",earthquake,6.16,1.962,0.125,19,reviewed,us,us
2026-05-02T16:12:19.181Z,16.6585,-48.016,10,4.6,mb,37,189,12.341,0.53,us,us7000shxy,2026-05-03T09:57:27.040Z,"North Atlantic Ocean",earthquake,15.3,1.956,0.088,38,reviewed,us,us
2026-05-02T15:00:32.178Z,-9.7023,107.9939,10,4.6,mb,29,121,2.251,0.76,us,us7000shtq,2026-05-02T16:50:33.040Z,"245 km SSW of Cilacap, Indonesia",earthquake,3.28,1.928,0.109,25,reviewed,us,us
2026-05-02T14:15:34.556Z,-4.2751,152.7606,61.973,4.6,mb,38,93,0.601,0.63,us,us7000shti,2026-05-02T15:10:22.040Z,"55 km E of Kokopo, Papua New Guinea",earthquake,10.23,6.187,0.107,29,reviewed,us,us
2026-05-02T11:30:49.471Z,-18.2088,-175.3583,246.82,4.9,mb,62,48,4.699,1.45,us,us7000shsr,2026-05-02T11:52:36.066Z,"153 km WNW of Neiafu, Tonga",earthquake,10.11,7.322,0.068,67,reviewed,us,us
2026-05-02T10:31:40.811Z,-59.3027,-25.0767,10,5,mb,34,98,8.028,0.74,us,us7000shsi,2026-05-02T10:47:59.040Z,"South Sandwich Islands region",earthquake,13.42,1.924,0.09,39,reviewed,us,us
2026-05-02T10:27:07.609Z,-5.9589,130.8204,130.863,5.2,mb,42,82,1.694,0.69,us,us7000shsh,2026-05-02T10:42:00.040Z,"217 km W of Tual, Indonesia",earthquake,5.27,6.881,0.096,36,reviewed,us,us
2026-05-02T09:28:40.989Z,34.107,135.4857,59.087,5.7,mww,66,95,1.39,0.76,us,us7000shs2,2026-05-03T09:53:21.589Z,"17 km SW of Kōya, Japan",earthquake,6.29,6.266,0.058,29,reviewed,us,us
2026-05-02T08:36:33.795Z,31.117,138.502,396.223,4.6,mb,105,71,4.398,0.68,us,us7000shrs,2026-05-02T08:53:09.040Z,"Izu Islands, Japan region",earthquake,8.09,7.396,0.029,366,reviewed,us,us
2026-05-02T06:22:42.852Z,-21.7539,-68.7738,115.882,4.6,mb,58,37,0.437,1.41,us,us7000shqp,2026-05-02T06:41:40.040Z,"79 km N of Calama, Chile",earthquake,4.93,4.734,0.075,53,reviewed,us,us
2026-05-02T05:04:56.485Z,-30.0095,-66.5123,10,5,mb,81,48,2.407,0.74,us,us7000shps,2026-05-02T23:05:15.371Z,"43 km NNW of Chamical, Argentina",earthquake,8.3,1.883,0.049,135,reviewed,us,us
2026-05-02T03:57:00.734Z,-24.3288,-67.4096,211.368,4.5,mb,26,77,1.541,0.35,us,us7000shpb,2026-05-02T04:36:21.040Z,"111 km W of San Antonio de los Cobres, Argentina",earthquake,10.78,8.827,0.163,11,reviewed,us,us
2026-05-02T02:06:36.139Z,-24.4373,178.8233,532.819,5.1,mb,55,64,5.598,0.81,us,us7000shnl,2026-05-02T02:24:04.040Z,"south of the Fiji Islands",earthquake,11.75,8.777,0.033,300,reviewed,us,us
2026-05-01T18:52:47.348Z,-7.3476,128.3598,170.024,4.8,mww,58,86,3.199,0.68,us,us7000shll,2026-05-08T16:12:10.040Z,"198 km NE of Lospalos, Timor Leste",earthquake,7.19,6.498,0.098,10,reviewed,us,us
2026-05-01T17:19:26.191Z,42.9912,145.4493,48.703,4.8,mb,80,134,1.956,0.54,us,us7000shl7,2026-05-08T16:06:53.040Z,"38 km SSW of Nemuro, Japan",earthquake,9.19,6.918,0.044,156,reviewed,us,us
2026-05-01T16:27:49.714Z,52.0804,176.4094,10,4.5,mb,77,69,1.342,0.92,us,us7000shks,2026-05-10T18:55:27.040Z,"235 km ESE of Attu Station, Alaska",earthquake,5.3,1.764,0.052,109,reviewed,us,us
2026-05-01T14:40:45.676Z,26.3823,142.5994,10,4.5,mb,37,161,10.797,0.92,us,us6000sw96,2026-05-10T18:12:11.040Z,"Bonin Islands, Japan region",earthquake,12.22,1.927,0.107,26,reviewed,us,us
2026-05-01T13:36:23.235Z,20.1767,121.3157,10,4.5,mb,29,112,2.637,0.93,us,us6000sw93,2026-05-10T17:49:20.040Z,"74 km WSW of Basco, Philippines",earthquake,6.67,1.913,0.115,22,reviewed,us,us
2026-05-01T13:00:41.190Z,35.9582,141.6879,35,4.9,mb,71,96,2.871,0.59,us,us7000shjt,2026-05-10T16:39:26.040Z,"81 km ENE of Hasaki, Japan",earthquake,8.5,1.888,0.036,250,reviewed,us,us
2026-05-01T12:39:55.578Z,24.8748,122.02,97.333,5.8,mww,71,31,0.485,0.89,us,us7000shjp,2026-05-02T17:15:25.738Z,"29 km ENE of Yilan, Taiwan",earthquake,5.61,3.214,0.053,34,reviewed,us,us
2026-05-01T11:04:39.548Z,-57.7679,-25.3328,10,5.1,mb,46,94,7.158,0.87,us,us7000shj5,2026-05-01T11:21:15.040Z,"South Sandwich Islands region",earthquake,13.08,1.901,0.077,55,reviewed,us,us
2026-05-01T09:24:24.221Z,-1.5344,134.2944,10,4.9,mb,41,72,2.464,0.68,us,us7000shiq,2026-05-01T10:03:57.040Z,"14 km ESE of Ransiki, Indonesia",earthquake,6.56,1.888,0.101,31,reviewed,us,us
2026-05-01T08:17:19.870Z,39.3066,-119.0467,5,5.17,mwr,29,144,0.056,0.1651,nn,nn00916980,2026-05-10T09:22:31.986Z,"19 km SE of Silver Springs, Nevada",earthquake,,1.2623,,,reviewed,nn,nn
2026-05-01T05:17:26.022Z,-0.8358,101.3895,197.729,4.5,mb,68,66,3.585,1.19,us,us7000shhi,2026-05-01T06:56:30.040Z,"48 km ESE of Sijunjung, Indonesia",earthquake,7.79,6.95,0.068,64,reviewed,us,us
2026-05-01T04:03:16.561Z,50.859,157.0891,76.017,5.1,mb,58,122,2.284,0.75,us,us7000shh1,2026-05-01T04:21:58.040Z,"70 km ENE of Severo-Kuril’sk, Russia",earthquake,11.19,7.01,0.025,536,reviewed,us,us
2026-05-01T03:12:50.562Z,8.0204,91.7969,10,4.8,mb,45,103,5.819,0.93,us,us7000shgu,2026-05-01T03:41:21.040Z,"Nicobar Islands, India region",earthquake,8.81,1.849,0.105,32,reviewed,us,us
2026-05-01T00:49:08.859Z,-42.2007,-18.4175,10,5,mb,33,86,33.101,0.63,us,us7000shg3,2026-05-01T01:08:21.040Z,"southern Mid-Atlantic Ridge",earthquake,14.25,1.924,0.088,44,reviewed,us,us
2026-04-30T22:58:41.560Z,-4.5167,153.0204,10,4.8,mb,21,177,0.913,0.78,us,us7000shfd,2026-05-01T01:17:46.040Z,"85 km ESE of Kokopo, Papua New Guinea",earthquake,5.08,1.797,0.149,15,reviewed,us,us
2026-04-30T17:28:32.427Z,-27.7862,73.8743,10,4.8,mb,51,84,12.499,0.64,us,us7000shd3,2026-04-30T18:44:13.040Z,"Mid-Indian Ridge",earthquake,12.57,1.879,0.088,40,reviewed,us,us
2026-04-30T15:01:35.606Z,7.6078,126.612,70.071,4.5,mb,44,96,1.156,1.13,us,us7000sh91,2026-05-10T16:22:05.976Z,"6 km ENE of Baganga, Philippines",earthquake,9.7,8.075,0.063,80,reviewed,us,us
2026-04-30T13:27:01.928Z,-3.4449,148.8022,10,5.7,mww,64,49,1.999,0.79,us,us7000sh8r,2026-05-10T15:25:05.105Z,"230 km SE of Lorengau, Papua New Guinea",earthquake,7.82,1.83,0.045,48,reviewed,us,us
2026-04-30T13:04:06.453Z,-5.0345,152.6285,50.272,4.5,mb,30,154,0.957,0.82,us,us7000sh8p,2026-05-10T14:54:34.040Z,"86 km SSE of Kokopo, Papua New Guinea",earthquake,7.32,7.324,0.108,25,reviewed,us,us
2026-04-30T09:07:09.663Z,-18.2522,-175.1974,248.742,5,mb,26,79,4.823,1.36,us,us7000sh7l,2026-04-30T09:25:47.040Z,"135 km WNW of Neiafu, Tonga",earthquake,6.22,11.828,0.086,43,reviewed,us,us
2026-04-30T08:43:19.582Z,40.515,142.8124,44.657,4.5,mb,45,134,1.358,0.71,us,us7000sh7j,2026-05-09T10:09:44.040Z,"95 km ENE of Kuji, Japan",earthquake,9.09,7.974,0.089,37,reviewed,us,us
2026-04-30T06:40:48.483Z,-32.1137,-178.1186,10,4.9,mb,28,81,2.864,0.76,us,us7000sh70,2026-05-09T09:57:00.040Z,"south of the Kermadec Islands",earthquake,14.07,1.906,0.11,26,reviewed,us,us
2026-04-29T22:04:41.352Z,8.943,126.4611,35,4.9,mb,64,57,2.056,0.84,us,us7000sh55,2026-05-11T04:03:51.057Z,"17 km ENE of Aras-asan, Philippines",earthquake,8.93,1.862,0.051,119,reviewed,us,us
2026-04-29T20:38:48.633Z,-27.7124,64.0345,10,4.6,mb,44,78,7.944,0.54,us,us7000sh4s,2026-04-29T21:07:15.040Z,"Southwest Indian Ridge",earthquake,8.43,1.887,0.092,35,reviewed,us,us
2026-04-29T16:41:45.200Z,-44.6333,37.2902,10,5.2,mww,57,60,17.735,0.78,us,us7000sh1g,2026-04-29T17:03:57.040Z,"Prince Edward Islands region",earthquake,9.02,1.538,0.103,9,reviewed,us,us
2026-04-29T16:31:05.172Z,-44.6347,37.2759,10,5.1,mb,50,61,18.639,0.77,us,us7000sh1d,2026-04-29T16:53:18.040Z,"Prince Edward Islands region",earthquake,12.64,1.802,0.095,36,reviewed,us,us
2026-04-29T16:27:36.033Z,-44.5433,37.4117,10,5,mb,40,66,17.748,0.75,us,us7000sh1c,2026-04-29T16:47:23.040Z,"Prince Edward Islands region",earthquake,13.18,1.864,0.093,37,reviewed,us,us
2026-04-29T16:11:26.657Z,-44.652,37.4301,10,5.1,mww,99,38,17.825,0.68,us,us7000sh18,2026-04-29T16:48:58.040Z,"Prince Edward Islands region",earthquake,10.89,1.739,0.098,10,reviewed,us,us
2026-04-29T14:51:26.271Z,-18.1063,-177.9939,587.116,4.5,mb,85,114,3.779,0.79,us,us7000sh0n,2026-05-11T20:27:09.040Z,"284 km E of Levuka, Fiji",earthquake,12.72,7.116,0.045,144,reviewed,us,us
2026-04-29T12:35:29.925Z,-36.3183,-98.7783,10,4.7,mb,33,121,12.824,0.27,us,us7000sgxr,2026-04-29T13:20:55.040Z,"southeast of Easter Island",earthquake,10.52,1.904,0.099,31,reviewed,us,us
2026-04-29T08:42:21.562Z,-19.9846,-71.0682,10,4.7,mb,34,147,0.925,1.33,us,us7000sgwj,2026-04-30T03:04:20.922Z,"98 km WNW of Puerto, Chile",earthquake,6.09,1.927,0.115,23,reviewed,us,us
2026-04-29T06:34:18.672Z,-47.8113,115.8857,10,4.5,mb,17,146,14.902,0.41,us,us7000sgvx,2026-04-29T07:04:31.040Z,"western Indian-Antarctic Ridge",earthquake,14.89,1.968,0.135,16,reviewed,us,us
2026-04-29T06:29:41.617Z,33.5412,81.9551,10,4.8,mb,57,81,9.034,1.22,us,us7000sgvv,2026-04-29T06:53:32.040Z,"western Xizang",earthquake,8.58,1.857,0.056,100,reviewed,us,us
2026-04-29T06:12:17.005Z,-5.5896,-79.0082,59.866,4.8,mb,50,149,2.286,0.81,us,us7000sgvu,2026-04-29T21:53:22.307Z,"10 km WNW of Huabal, Peru",earthquake,9.92,7.552,0.042,172,reviewed,us,us
2026-04-29T03:19:23.834Z,-17.2359,-173.7681,130.903,4.5,mb,13,106,3.822,0.93,us,us7000sgv4,2026-04-29T03:44:14.040Z,"141 km S of Hihifo, Tonga",earthquake,11.46,10.561,0.172,10,reviewed,us,us
2026-04-29T02:31:14.618Z,-17.7842,-174.8688,203.289,4.9,mb,26,128,4.864,0.74,us,us7000sgup,2026-04-29T02:46:44.040Z,"134 km NW of Neiafu, Tonga",earthquake,15.33,14.034,0.108,27,reviewed,us,us
2026-04-29T01:44:16.064Z,-15.1488,-173.2828,10,4.7,mb,18,111,1.905,0.57,us,us7000sgvp,2026-04-30T22:37:05.040Z,"104 km NNE of Hihifo, Tonga",earthquake,7.79,1.897,0.167,11,reviewed,us,us
2026-04-28T22:58:21.996Z,12.3181,125.4915,35,4.9,mb,72,104,5.216,0.72,us,us7000sgt9,2026-05-07T01:12:51.040Z,"11 km N of Alugan, Philippines",earthquake,10,1.852,0.055,104,reviewed,us,us
2026-04-28T19:16:05.527Z,41.2677,83.9694,10,4.6,mb,72,101,3.585,0.74,us,us7000sgrs,2026-05-11T16:16:09.040Z,"100 km ESE of Kuqa, China",earthquake,7.95,1.851,0.073,56,reviewed,us,us
2026-04-28T19:13:13.357Z,-18.5096,-175.4194,220.602,4.6,mb,25,128,5.233,0.88,us,us7000sgrr,2026-05-11T15:51:28.040Z,"152 km W of Neiafu, Tonga",earthquake,15.2,15.085,0.114,23,reviewed,us,us
2026-04-28T16:32:06.338Z,-5.9905,146.5918,43.834,4.7,mb,116,41,3.438,0.53,us,us7000sgqz,2026-04-28T18:00:17.040Z,"86 km ENE of Kainantu, Papua New Guinea",earthquake,7.57,7.38,0.054,103,reviewed,us,us
2026-04-28T16:18:24.175Z,-23.1275,-175.2728,10,4.9,mww,44,129,6.414,0.71,us,us7000sgqy,2026-04-28T18:17:18.040Z,"200 km S of ‘Ohonua, Tonga",earthquake,11.3,1.892,0.11,8,reviewed,us,us
2026-04-28T15:28:11.539Z,-18.6197,-177.6086,361.072,5.2,mww,174,83,7.288,0.52,us,us7000sgp4,2026-04-29T16:08:02.040Z,"Fiji region",earthquake,6.64,14.51,0.103,9,reviewed,us,us
2026-04-28T14:55:23.220Z,-33.9441,-72.2494,20.229,4.7,mb,65,80,0.601,0.78,us,us7000sgnz,2026-04-28T16:46:40.272Z,"70 km WSW of San Antonio, Chile",earthquake,3.53,5.178,0.082,47,reviewed,us,us
2026-04-28T13:20:55.608Z,36.3909,71.4497,107.277,4.5,mb,125,65,2.088,0.63,us,us7000sgng,2026-05-11T15:59:13.040Z,"33 km SSW of Ashkāsham, Afghanistan",earthquake,5.61,7.334,0.052,113,reviewed,us,us
2026-04-28T13:07:46.327Z,39.1704,23.3922,9.832,4.8,mww,134,29,0.835,0.54,us,us7000sgnb,2026-04-28T16:06:14.058Z,"8 km W of Skiáthos, Greece",earthquake,3.64,3.248,0.068,21,reviewed,us,us
2026-04-28T11:12:23.330Z,39.267,23.3291,10,4.7,mwr,114,26,0.81,0.63,us,us7000sgmz,2026-04-28T16:06:39.206Z,"10 km ENE of Argalastí, Greece",earthquake,5.26,1.884,0.075,17,reviewed,us,us
2026-04-28T10:27:27.022Z,-4.7006,153.5953,113.339,4.8,mb,64,64,1.514,0.5,us,us7000sgms,2026-04-28T10:47:05.040Z,"152 km ESE of Kokopo, Papua New Guinea",earthquake,6.66,6.942,0.068,67,reviewed,us,us
2026-04-28T10:14:57.686Z,40.3625,142.5804,43.981,4.5,mb,77,121,1.231,0.7,us,us7000sgmq,2026-04-29T07:57:55.040Z,"70 km ENE of Noda, Japan",earthquake,6.49,7.436,0.073,56,reviewed,us,us
2026-04-28T10:07:09.901Z,-32.0894,-178.8476,94.088,4.8,mb,21,109,2.943,0.26,us,us7000sgmr,2026-04-28T13:39:58.040Z,"south of the Kermadec Islands",earthquake,16.29,9.965,0.128,19,reviewed,us,us
2026-04-28T07:24:43.298Z,40.2442,142.6908,10,4.9,mb,66,97,1.354,0.77,us,us7000sgm7,2026-04-28T07:53:32.040Z,"75 km ENE of Noda, Japan",earthquake,7.02,1.856,0.039,209,reviewed,us,us
2026-04-28T06:23:52.879Z,51.3448,159.2004,35,4.7,mb,74,165,1.993,1.04,us,us7000sglz,2026-04-28T06:49:59.040Z,"184 km SSE of Vilyuchinsk, Russia",earthquake,10.43,1.949,0.054,104,reviewed,us,us
2026-04-28T05:37:29.910Z,-15.8894,-172.8462,10,4.5,mb,26,110,2.222,0.85,us,us7000shqe,2026-05-02T05:58:55.040Z,"101 km E of Hihifo, Tonga",earthquake,10.06,1.887,0.136,16,reviewed,us,us
2026-04-28T03:49:47.824Z,9.7939,-84.155,62.849,4.8,mb,63,94,0.156,1.24,us,us7000sglc,2026-05-09T22:33:56.537Z,"0 km SE of San Ignacio, Costa Rica",earthquake,8.91,5.738,0.034,272,reviewed,us,us
2026-04-27T23:05:01.751Z,41.2337,83.9115,10,4.5,mb,75,109,3.542,0.49,us,us7000sgke,2026-05-06T23:58:49.040Z,"97 km ESE of Kuqa, China",earthquake,7.97,1.889,0.077,49,reviewed,us,us
2026-04-27T22:25:08.193Z,-4.6127,153.539,116.085,4.5,mb,50,108,1.434,0.67,us,us7000sgk1,2026-05-06T23:48:08.040Z,"144 km ESE of Kokopo, Papua New Guinea",earthquake,10.42,6.88,0.084,42,reviewed,us,us
2026-04-27T08:17:21.658Z,-0.1764,123.7457,135.571,4.6,mb,74,73,6.245,1,us,us6000st3z,2026-04-27T08:41:30.040Z,"103 km SW of Modisi, Indonesia",earthquake,9.66,7.945,0.061,81,reviewed,us,us
2026-04-27T07:45:02.318Z,34.8322,26.1257,10,4.9,mb,160,58,1.108,0.58,us,us6000st3w,2026-04-27T10:04:02.040Z,"40 km ESE of Ierápetra, Greece",earthquake,1.9,1.835,0.048,135,reviewed,us,us
2026-04-27T06:46:08.014Z,37.3466,71.3121,105.112,5.1,mww,64,63,1.339,1.11,us,us6000st3s,2026-04-27T08:20:54.906Z,"26 km SW of Khorugh, Tajikistan",earthquake,6.97,6.917,0.093,11,reviewed,us,us
2026-04-26T22:05:00.266Z,-23.7412,179.6222,558.7,4.6,mb,24,70,6.144,0.31,us,us6000svdg,2026-05-05T20:58:06.040Z,"south of the Fiji Islands",earthquake,11.32,8.733,0.136,16,reviewed,us,us
2026-04-26T20:23:55.589Z,42.7138,142.8827,81,6.1,mww,128,35,0.727,0.65,us,us6000st1m,2026-05-05T18:50:23.577Z,"25 km WNW of Sarabetsu, Japan",earthquake,6.15,1.912,0.063,24,reviewed,us,us
2026-04-26T18:02:08.067Z,-15.8288,179.4433,10,4.6,mb,29,121,0.649,0.81,us,us7000sgwe,2026-05-05T18:47:24.040Z,"67 km N of Labasa, Fiji",earthquake,7.92,1.893,0.126,19,reviewed,us,us
2026-04-26T17:09:17.798Z,40.3075,51.7149,10,4.5,mb,54,86,2.154,0.82,us,us6000st16,2026-05-05T18:14:36.040Z,"110 km WNW of Türkmenbaşy, Turkmenistan",earthquake,7.27,1.872,0.076,51,reviewed,us,us
2026-04-26T16:57:22.588Z,40.0529,142.7243,35,5,mww,90,114,1.465,0.62,us,us6000st11,2026-05-09T16:22:34.040Z,"77 km E of Noda, Japan",earthquake,6.83,1.834,0.086,13,reviewed,us,us
2026-04-26T13:23:01.754Z,51.5084,153.2634,353.664,4.7,mb,174,46,3.159,0.74,us,us6000st08,2026-05-09T15:37:19.040Z,"220 km WNW of Severo-Kuril’sk, Russia",earthquake,9.92,5.525,0.024,543,reviewed,us,us
2026-04-26T11:52:25.631Z,2.623,99.2195,183.434,4.6,mb,77,57,0.304,0.63,us,us6000sszu,2026-04-26T12:10:13.040Z,"31 km E of Parapat, Indonesia",earthquake,7.8,4.357,0.06,83,reviewed,us,us
2026-04-26T07:20:42.702Z,2.3613,127.0606,51.068,4.6,mb,48,121,4.905,0.9,us,us6000ssyk,2026-05-07T12:07:08.040Z,"126 km WNW of Tobelo, Indonesia",earthquake,12.97,7.756,0.082,45,reviewed,us,us
2026-04-26T06:43:53.103Z,40.085,142.7447,35,4.7,mb,61,115,1.463,0.64,us,us6000ssyh,2026-05-07T11:44:26.040Z,"79 km E of Noda, Japan",earthquake,8.37,1.917,0.063,77,reviewed,us,us
2026-04-26T04:35:24.453Z,19.2257,120.5644,10,4.6,mb,56,136,3.606,0.94,us,us6000svcr,2026-05-08T03:48:13.040Z,"77 km NNW of Pagudpud, Philippines",earthquake,12.78,1.902,0.084,43,reviewed,us,us
2026-04-26T04:26:59.156Z,53.7119,-164.8126,43.38,4.6,mb,61,157,0.768,1.24,us,us6000ssxr,2026-04-26T05:21:40.610Z,"78 km SE of Akutan, Alaska",earthquake,5.69,7.926,0.063,80,reviewed,us,us
2026-04-26T04:23:24.394Z,46.8638,93.0122,11,5.5,mww,115,23,7.356,0.92,us,us6000ssxt,2026-04-27T04:54:11.884Z,"163 km SE of Khovd, Mongolia",earthquake,7.52,1.841,0.06,27,reviewed,us,us
2026-04-26T03:28:29.064Z,52.2084,176.3712,10,4.5,mb,38,178,1.381,0.85,us,us6000ssxk,2026-04-26T05:46:51.829Z,"227 km ESE of Attu Station, Alaska",earthquake,8.57,1.949,0.057,89,reviewed,us,us
2026-04-26T03:02:46.265Z,-58.6136,-25.3668,35,4.7,mb,22,97,19.778,0.75,us,us6000svcp,2026-05-08T04:04:31.040Z,"South Sandwich Islands region",earthquake,10.79,1.95,0.12,21,reviewed,us,us
2026-04-25T23:35:19.847Z,-30.2935,-177.8716,73.664,4.9,mb,24,145,1.046,1.02,us,us6000sswn,2026-04-25T23:56:25.040Z,"Kermadec Islands, New Zealand",earthquake,11.11,7.905,0.132,18,reviewed,us,us
2026-04-25T23:00:58.746Z,-5.633,103.2816,35,4.7,mb,39,146,1.305,1.04,us,us6000sswe,2026-04-25T23:16:40.040Z,"177 km S of Pagar Alam, Indonesia",earthquake,8.21,1.94,0.102,29,reviewed,us,us
2026-04-25T20:41:31.875Z,39.8493,143.1478,33.719,4.8,mww,93,98,1.849,0.45,us,us6000ssvu,2026-05-05T16:00:36.040Z,"105 km ENE of Miyako, Japan",earthquake,4.07,5.204,0.083,14,reviewed,us,us
2026-04-25T20:14:39.044Z,-14.5714,-76.523,10,5,mb,61,142,7.03,0.68,us,us6000ssvq,2026-05-05T15:49:05.040Z,"82 km SSW of Paracas, Peru",earthquake,11.05,1.897,0.037,236,reviewed,us,us
2026-04-25T19:49:58.072Z,35.087,25.9299,10,4.9,mww,86,41,0.875,0.63,us,us6000ssve,2026-05-05T15:41:00.040Z,"17 km ENE of Kentrí, Greece",earthquake,6.71,1.832,0.05,39,reviewed,us,us
2026-04-25T18:49:12.715Z,-53.994,-2.6671,10,4.5,mb,23,89,18.195,0.51,us,us7000sgwb,2026-05-05T16:04:55.040Z,"southern Mid-Atlantic Ridge",earthquake,13.56,1.9,0.118,21,reviewed,us,us
2026-04-25T18:21:25.263Z,-53.9291,-2.5298,10,4.9,mb,32,74,27.225,0.34,us,us6000st3q,2026-04-28T15:00:30.040Z,"southern Mid-Atlantic Ridge",earthquake,13.1,1.824,0.11,26,reviewed,us,us
2026-04-25T17:40:25.434Z,0.2005,125.9536,35,4.6,mb,94,44,6.131,0.7,us,us6000ssuz,2026-05-05T15:29:57.040Z,"165 km SE of Bitung, Indonesia",earthquake,7.85,1.886,0.06,87,reviewed,us,us
2026-04-25T13:22:05.912Z,52.9203,160.9454,10,4.5,mb,50,137,1.97,1.62,us,us6000ssu2,2026-04-25T14:21:40.040Z,"156 km E of Petropavlovsk-Kamchatsky, Russia",earthquake,11.42,1.916,0.081,45,reviewed,us,us
2026-04-25T10:20:20.605Z,52.6012,158.8735,80.156,5.2,mww,102,104,0.875,0.71,us,us6000sst4,2026-05-07T06:39:00.392Z,"48 km SE of Vilyuchinsk, Russia",earthquake,6.52,5.526,0.086,13,reviewed,us,us
2026-04-25T09:53:40.170Z,-8.957,-74.9197,133.014,4.7,mb,47,107,3.556,0.47,us,us6000sst2,2026-05-07T05:49:22.040Z,"23 km W of Tournavista, Peru",earthquake,12.68,7.875,0.033,275,reviewed,us,us
2026-04-25T09:40:38.528Z,51.2789,89.8391,10,4.6,mb,43,66,4.063,0.65,us,us6000sssz,2026-05-06T12:14:26.969Z,"39 km NW of Teeli, Russia",earthquake,7.78,1.862,0.061,80,reviewed,us,us
2026-04-25T09:07:06.638Z,-5.0232,130.5286,125.981,4.6,mb,40,96,0.796,0.92,us,us6000ssss,2026-05-06T11:49:11.040Z,"255 km WNW of Tual, Indonesia",earthquake,9.25,4.834,0.086,40,reviewed,us,us
2026-04-25T08:05:56.204Z,53.5884,-164.9144,35,5.4,mww,43,89,0.791,0.82,us,us6000sssg,2026-05-11T08:16:07.921Z,"83 km SE of Akutan, Alaska",earthquake,2.8,1.948,0.05,39,reviewed,us,us
2026-04-25T05:18:45.076Z,52.2239,176.5528,10,4.5,mb,90,99,1.274,0.73,us,us6000ssrm,2026-04-25T08:31:42.537Z,"238 km ESE of Attu Station, Alaska",earthquake,10.05,1.896,0.064,71,reviewed,us,us
2026-04-25T04:32:08.996Z,-2.3385,141.4167,10,4.5,mb,30,78,0.734,0.73,us,us7000si66,2026-05-09T01:42:32.040Z,"40 km NNE of Vanimo, Papua New Guinea",earthquake,8.31,1.919,0.118,21,reviewed,us,us
2026-04-25T04:28:35.083Z,1.2273,126.0586,35,4.6,mb,39,93,7.433,1.12,us,us7000si67,2026-05-09T03:35:46.040Z,"106 km ESE of Bitung, Indonesia",earthquake,10.62,1.925,0.105,27,reviewed,us,us
2026-04-25T02:56:35.675Z,-26.818,-114.3072,10,4.6,mb,20,148,38.535,0.98,us,us7000si64,2026-05-09T01:36:04.040Z,"Easter Island region",earthquake,10.36,1.944,0.137,17,reviewed,us,us
2026-04-25T02:56:29.305Z,-27.9466,-66.6105,163.796,4.5,mb,43,46,3.373,0.91,us,us6000ssr1,2026-04-25T03:14:28.040Z,"49 km SW of Andalgalá, Argentina",earthquake,8.93,7.995,0.136,16,reviewed,us,us
2026-04-25T02:09:28.475Z,14.0345,-92.2662,35,4.5,mb,33,195,2.238,1.38,us,us6000ssqy,2026-04-25T03:38:29.040Z,"47 km SW of Champerico, Guatemala",earthquake,9.89,1.99,0.038,200,reviewed,us,us
2026-04-24T23:59:31.779Z,-4.6363,153.5594,114.522,4.6,mb,45,103,1.46,0.73,us,us6000ssqb,2026-05-11T22:35:27.040Z,"146 km ESE of Kokopo, Papua New Guinea",earthquake,8.5,5.846,0.07,62,reviewed,us,us
2026-04-24T21:47:45.545Z,14.0893,51.6774,10,4.5,mb,37,176,7.082,0.92,us,us6000sspm,2026-05-11T22:30:13.040Z,"219 km NNW of Kilmia, Yemen",earthquake,13.97,1.969,0.099,33,reviewed,us,us
2026-04-24T18:22:32.758Z,-31.0303,-178.3316,89.889,4.9,mww,109,69,1.813,0.62,us,us6000ssn7,2026-05-03T16:24:13.040Z,"Kermadec Islands region",earthquake,8.34,12.804,0.098,10,reviewed,us,us
2026-04-24T17:08:04.492Z,-36.9831,78.345,10,4.6,mb,30,60,13.7,0.64,us,us6000st06,2026-05-05T16:02:48.040Z,"Mid-Indian Ridge",earthquake,10.19,1.506,0.116,22,reviewed,us,us
2026-04-24T16:10:57.383Z,-8.4096,123.9714,167.142,4.5,mb,28,66,1.369,0.96,us,us6000ssmp,2026-05-09T15:12:08.040Z,"98 km NNW of Pante Makasar, Timor Leste",earthquake,8.26,7.863,0.118,22,reviewed,us,us
2026-04-24T13:49:41.855Z,-27.8923,-70.8673,57.019,4.9,mb,48,118,0.361,0.98,us,us6000ssjg,2026-05-08T21:04:07.040Z,"76 km N of Vallenar, Chile",earthquake,5.86,4.145,0.046,152,reviewed,us,us
2026-04-24T12:49:37.014Z,52.9177,161.0719,10,5.1,mww,73,120,2.047,1.09,us,us6000ssja,2026-04-24T13:09:26.040Z,"164 km E of Petropavlovsk-Kamchatsky, Russia",earthquake,10.13,1.895,0.093,11,reviewed,us,us
2026-04-24T10:04:37.607Z,52.9131,160.9481,35,5.4,mww,93,147,1.973,0.8,us,us6000ssiy,2026-04-25T10:27:40.587Z,"156 km E of Petropavlovsk-Kamchatsky, Russia",earthquake,10.28,1.928,0.089,12,reviewed,us,us
2026-04-24T09:26:45.744Z,35.0827,25.918,10,4.7,mb,48,122,0.867,0.66,us,us6000ssiq,2026-04-24T10:32:27.208Z,"16 km ENE of Kentrí, Greece",earthquake,7.19,1.539,0.077,51,reviewed,us,us
2026-04-24T08:59:27.876Z,52.8076,161.1048,10,5.3,mww,80,115,2.082,0.66,us,us6000ssik,2026-05-06T11:27:33.040Z,"168 km E of Petropavlovsk-Kamchatsky, Russia",earthquake,9.17,1.856,0.073,18,reviewed,us,us
2026-04-24T08:58:17.375Z,34.9878,26.1103,10,5.1,mww,64,41,1.025,0.72,us,us6000ssij,2026-05-06T11:10:43.219Z,"24 km S of Sitia, Greece",earthquake,7.45,1.857,0.075,17,reviewed,us,us
2026-04-24T08:41:39.029Z,1.4495,126.6033,35,4.6,mb,23,104,7.119,1.2,us,us6000ssih,2026-05-06T10:39:13.040Z,"113 km NW of Ternate, Indonesia",earthquake,11.3,1.93,0.122,20,reviewed,us,us
2026-04-24T07:26:31.777Z,-4.5202,153.295,125.845,4.6,mb,34,157,1.174,0.7,us,us6000ssib,2026-05-06T10:26:56.040Z,"115 km E of Kokopo, Papua New Guinea",earthquake,12.08,6.842,0.096,32,reviewed,us,us
2026-04-24T05:13:10.736Z,40.095,142.8333,35,5,mww,48,128,1.518,0.72,us,us6000sshp,2026-04-24T05:26:41.040Z,"86 km E of Noda, Japan",earthquake,8.72,1.924,0.093,11,reviewed,us,us
2026-04-24T04:45:23.068Z,1.0656,126.2773,55.23,5.3,mb,77,42,6.005,0.91,us,us6000sshk,2026-05-01T00:52:58.040Z,"126 km WNW of Ternate, Indonesia",earthquake,7.74,4.719,0.05,137,reviewed,us,us
2026-04-24T03:18:54.010Z,35.032,25.8606,16.429,5.7,mww,96,35,0.835,0.9,us,us6000sshc,2026-04-30T22:42:26.707Z,"9 km E of Kentrí, Greece",earthquake,2.15,3.608,0.041,58,reviewed,us,us
2026-04-24T03:15:34.596Z,-18.3022,-175.4384,270.079,4.6,mb,46,52,5.278,0.91,us,us6000sshb,2026-04-30T21:47:57.040Z,"158 km WNW of Neiafu, Tonga",earthquake,11.36,7.031,0.041,181,reviewed,us,us
2026-04-24T01:51:59.317Z,-34.7611,-179.1699,10,5.4,mww,48,70,3.461,1.1,us,us6000ssgv,2026-04-30T21:19:21.186Z,"south of the Kermadec Islands",earthquake,9.14,1.495,0.062,25,reviewed,us,us
2026-04-24T01:01:06.682Z,52.4282,-168.3713,38.819,4.7,mb,66,107,0.619,0.62,us,us6000ssgq,2026-05-04T15:31:35.717Z,"65 km SSE of Nikolski, Alaska",earthquake,6.28,6.392,0.041,184,reviewed,us,us
2026-04-23T23:22:32.755Z,13.9417,144.9021,155.777,5,mww,100,35,0.352,0.94,us,us6000ssgf,2026-05-11T05:08:45.378Z,"44 km N of Yigo Village, Guam",earthquake,10.11,4.937,0.093,11,reviewed,us,us
2026-04-23T22:52:54.775Z,28.3106,131.1166,10,5,mww,98,96,2.483,0.62,us,us6000ssga,2026-05-11T05:02:07.040Z,"149 km E of Tatsugō, Japan",earthquake,6.73,1.829,0.071,19,reviewed,us,us
2026-04-23T22:13:24.831Z,-7.1997,129.1713,145.307,4.6,mb,41,105,2.758,0.75,us,us6000ssfy,2026-05-11T04:49:15.040Z,"280 km ENE of Lospalos, Timor Leste",earthquake,8.78,7.554,0.087,40,reviewed,us,us
2026-04-23T17:49:11.521Z,-34.6384,-179.1949,10,4.7,mb,21,203,3.55,0.31,us,us7000shah,2026-05-10T19:27:25.040Z,"south of the Kermadec Islands",earthquake,14.79,1.942,0.166,11,reviewed,us,us
2026-04-23T17:46:15.213Z,-34.7355,-179.3804,10,4.8,mb,34,126,3.385,0.63,us,us6000ssci,2026-05-10T19:19:10.040Z,"south of the Kermadec Islands",earthquake,5.79,1.854,0.119,22,reviewed,us,us
2026-04-23T17:25:26.473Z,-34.5937,-179.3145,10,4.6,mb,22,203,3.534,0.61,us,us6000sszx,2026-05-10T14:54:58.040Z,"south of the Kermadec Islands",earthquake,12.15,1.884,0.151,13,reviewed,us,us
2026-04-23T16:49:41.066Z,23.1193,142.4501,10,4.6,mb,36,128,13.206,0.85,us,us7000shag,2026-05-08T20:23:47.040Z,"Volcano Islands, Japan region",earthquake,14.17,1.905,0.107,31,reviewed,us,us
2026-04-23T14:59:46.686Z,27.1014,102.8792,10,4.5,mb,29,106,6.615,0.85,us,us7000sha8,2026-05-08T19:35:32.040Z,"86 km WSW of Zhaotong, China",earthquake,11.38,1.907,0.121,20,reviewed,us,us
2026-04-23T14:53:15.020Z,35.6749,140.2081,59.013,4.5,mb,55,134,1.835,0.87,us,us6000sscv,2026-05-11T05:43:07.488Z,"4 km NE of Yotsukaidō, Japan",earthquake,9.85,7.879,0.08,45,reviewed,us,us
2026-04-23T14:09:26.257Z,13.2351,-89.3328,63.197,4.8,mww,34,156,0.432,1.17,us,us6000ssak,2026-05-08T18:02:08.845Z,"28 km S of La Libertad, El Salvador",earthquake,7.53,6.428,0.061,26,reviewed,us,us
2026-04-23T10:07:48.736Z,-42.2859,-18.4093,10,5.2,mb,31,86,35.527,1.03,us,us6000ss9m,2026-04-23T10:25:57.040Z,"southern Mid-Atlantic Ridge",earthquake,14.15,1.913,0.082,49,reviewed,us,us
2026-04-23T09:08:19.941Z,-56.9946,-30.4484,10,4.6,mb,22,99,4.369,0.68,us,us6000sszv,2026-04-26T12:11:20.040Z,"South Sandwich Islands region",earthquake,9.65,1.913,0.122,20,reviewed,us,us
2026-04-23T06:31:10.302Z,-20.6562,-176.3301,197.453,5.2,mww,103,45,5.822,0.84,us,us6000ss90,2026-05-03T09:05:46.040Z,"121 km WNW of Houma, Tonga",earthquake,10.56,6.747,0.086,13,reviewed,us,us
2026-04-23T05:30:59.996Z,-57.1956,-24.6897,10,4.9,mb,36,142,7.27,0.66,us,us6000ss8w,2026-05-03T08:44:01.040Z,"South Sandwich Islands region",earthquake,13.68,1.92,0.096,34,reviewed,us,us
2026-04-23T01:43:46.712Z,51.3012,159.842,10,4.9,mb,44,129,2.239,1.32,us,us6000ss8a,2026-04-23T02:15:03.040Z,"206 km SSE of Vilyuchinsk, Russia",earthquake,9.74,1.902,0.091,38,reviewed,us,us
2026-04-23T00:31:15.471Z,-57.3763,-26.0619,63.8,4.7,mb,22,96,6.64,0.4,us,us7000sh9b,2026-05-02T04:36:14.040Z,"South Sandwich Islands region",earthquake,8.14,8.312,0.12,21,reviewed,us,us
2026-04-23T00:07:57.051Z,39.6744,143.3289,16.958,4.9,mb,57,150,2.06,0.72,us,us6000ss7p,2026-04-23T00:27:34.040Z,"119 km E of Miyako, Japan",earthquake,8.16,5.11,0.069,65,reviewed,us,us
2026-04-22T22:04:05.302Z,18.0674,145.3427,341.948,4.5,mb,86,44,4.476,0.54,us,us6000ss74,2026-05-01T01:36:03.040Z,"Pagan region, Northern Mariana Islands",earthquake,10.76,6.251,0.041,177,reviewed,us,us
2026-04-22T20:58:04.874Z,50.7709,156.9904,63.86,4.7,mb,88,164,2.382,0.57,us,us6000ss6d,2026-04-29T14:41:54.040Z,"61 km E of Severo-Kuril’sk, Russia",earthquake,11.72,8.267,0.042,172,reviewed,us,us
2026-04-22T20:43:27.728Z,23.9078,123.2043,38.22,4.5,mb,44,117,0.584,0.54,us,us6000ss6c,2026-04-29T14:34:15.040Z,"65 km SSE of Yonakuni, Japan",earthquake,6.95,7.8,0.074,54,reviewed,us,us
2026-04-22T19:04:57.538Z,-34.7552,-179.0337,10,4.5,mb,23,192,3.532,0.83,us,us6000sszd,2026-04-26T10:00:02.040Z,"south of the Kermadec Islands",earthquake,10.96,1.92,0.156,12,reviewed,us,us
2026-04-22T18:15:00.002Z,-10.9927,113.8493,10,4.7,mb,43,94,2.524,1.12,us,us6000ss58,2026-04-22T20:24:24.040Z,"282 km SSW of Jimbaran, Indonesia",earthquake,7.21,1.913,0.1,30,reviewed,us,us
2026-04-22T17:46:37.429Z,40.1155,142.3557,35,4.5,mb,66,149,1.193,1.03,us,us6000ss57,2026-04-22T20:17:17.040Z,"45 km E of Noda, Japan",earthquake,7.24,1.925,0.074,53,reviewed,us,us
2026-04-22T17:23:37.085Z,39.2758,-119.0955,3,4.78,mwr,37,58,0.049,0.1935,nn,nn00916046,2026-05-05T14:05:23.355Z,"19 km SE of Silver Springs, Nevada",earthquake,,1.1577,,,reviewed,nn,nn
2026-04-22T14:26:20.504Z,39.9412,143.0482,35,4.6,mb,54,142,1.736,0.64,us,us6000ss2b,2026-05-07T15:57:46.040Z,"100 km ENE of Miyako, Japan",earthquake,6.71,1.883,0.092,35,reviewed,us,us
2026-04-22T13:35:22.752Z,39.6726,143.1768,10,4.9,mb,98,126,1.964,0.76,us,us6000ss24,2026-05-06T21:18:39.040Z,"106 km E of Miyako, Japan",earthquake,8.37,1.872,0.053,113,reviewed,us,us
2026-04-22T13:20:45.876Z,-15.4452,167.4535,119.208,5,mww,78,64,0.241,0.91,us,us6000ss20,2026-05-06T20:22:35.757Z,"32 km ENE of Luganville, Vanuatu",earthquake,9.8,4.028,0.08,15,reviewed,us,us
2026-04-22T12:18:37.573Z,39.9953,142.9285,57.183,5,mb,113,60,1.63,0.56,us,us6000ss1u,2026-04-22T12:34:33.040Z,"93 km ENE of Miyako, Japan",earthquake,7.75,6.318,0.032,311,reviewed,us,us
2026-04-22T12:06:25.539Z,40.3162,142.3004,57.72,4.5,mb,46,182,1.054,0.58,us,us6000ss1s,2026-04-22T12:22:36.040Z,"47 km ENE of Noda, Japan",earthquake,5.73,8.427,0.081,44,reviewed,us,us
2026-04-22T12:04:45.398Z,-10.6533,161.5333,47.37,4.6,mb,21,108,1.974,1.05,us,us6000ss1r,2026-04-22T12:22:28.040Z,"47 km WSW of Kirakira, Solomon Islands",earthquake,10.54,9.494,0.125,19,reviewed,us,us
2026-04-22T11:11:46.916Z,46.8378,92.8983,10,4.9,mb,47,64,7.28,0.69,us,us6000ss1k,2026-04-26T04:45:29.825Z,"160 km SE of Khovd, Mongolia",earthquake,7.62,1.868,0.073,59,reviewed,us,us
2026-04-22T08:35:51.613Z,10.5256,-41.8855,10,5.4,mww,50,66,11.937,1.02,us,us6000ss13,2026-05-07T10:06:12.333Z,"northern Mid-Atlantic Ridge",earthquake,11.06,1.885,0.065,23,reviewed,us,us
2026-04-22T07:40:49.591Z,49.8873,157.2601,35,4.9,mb,91,104,3.237,0.74,us,us6000srzq,2026-05-06T10:13:06.040Z,"119 km SE of Severo-Kuril’sk, Russia",earthquake,9.8,1.902,0.037,224,reviewed,us,us
2026-04-22T07:15:20.680Z,29.747,104.3123,10,4.5,mb,43,68,4.525,0.76,us,us7000sh1u,2026-05-06T11:35:39.040Z,"48 km NE of Luocheng, China",earthquake,10.6,1.912,0.08,46,reviewed,us,us
2026-04-22T05:17:57.234Z,-4.7159,101.9873,40.338,4.6,mb,30,149,1.028,0.8,us,us7000sh1s,2026-05-08T13:59:21.040Z,"105 km SSW of Bengkulu, Indonesia",earthquake,4.21,7.881,0.146,15,reviewed,us,us
2026-04-22T00:01:12.343Z,39.9324,143.1911,35,5.3,mww,110,62,1.836,0.54,us,us6000srxu,2026-05-01T01:14:01.151Z,"111 km ENE of Miyako, Japan",earthquake,6.34,1.825,0.103,9,reviewed,us,us
2026-04-21T21:01:53.616Z,-33.7576,-178.7597,10,4.7,mb,22,161,4.485,0.75,us,us7000sh3k,2026-05-01T00:18:30.040Z,"south of the Kermadec Islands",earthquake,10.71,1.946,0.159,12,reviewed,us,us
2026-04-21T18:44:09.772Z,40.1359,143.2482,16,5.5,mww,114,90,1.789,0.62,us,us6000srvu,2026-05-06T19:16:31.737Z,"121 km E of Noda, Japan",earthquake,6.74,1.772,0.054,33,reviewed,us,us
2026-04-21T18:42:56.970Z,40.0887,143.3728,10,4.5,mb,68,135,1.895,1.35,us,us6000srvw,2026-05-06T19:14:52.040Z,"131 km ENE of Miyako, Japan",earthquake,7.63,1.895,0.078,48,reviewed,us,us
2026-04-21T16:18:55.418Z,-12.425,-75.5727,102.261,4.5,mb,44,117,1.315,0.74,us,us6000srv3,2026-04-21T18:11:50.040Z,"24 km ESE of Laraos, Peru",earthquake,13.39,9.952,0.064,74,reviewed,us,us
2026-04-21T14:52:17.411Z,16.7709,-95.7767,81.326,5,mb,149,150,4.116,0.71,us,us6000sru5,2026-04-22T19:07:30.194Z,"12 km SSW of Santiago Quiavicuzas, Mexico",earthquake,10.51,8.66,0.029,377,reviewed,us,us
2026-04-21T14:24:37.872Z,23.85,94.1865,78.051,4.5,mb,73,52,2.717,0.79,us,us6000sru6,2026-04-21T17:07:34.040Z,"31 km NW of Mawlaik, Burma (Myanmar)",earthquake,8.52,6.731,0.068,63,reviewed,us,us
2026-04-21T11:03:15.713Z,-23.1597,170.8816,10,4.7,mb,28,117,3.214,0.51,us,us6000srtg,2026-04-21T11:38:27.040Z,"southeast of the Loyalty Islands",earthquake,11.48,1.93,0.126,19,reviewed,us,us
2026-04-21T10:30:27.397Z,-62.0123,164.998,10,5.7,mww,25,150,8.18,1.36,us,us6000srtd,2026-04-22T17:25:10.040Z,"Balleny Islands region",earthquake,15.46,1.93,0.059,28,reviewed,us,us
2026-04-21T05:29:09.335Z,39.8481,143.6273,10,5.4,mww,97,95,2.173,1.03,us,us6000srs6,2026-04-22T05:56:53.876Z,"146 km E of Miyako, Japan",earthquake,7.9,1.856,0.075,17,reviewed,us,us
2026-04-21T05:19:56.456Z,39.862,143.6712,10,4.7,mww,82,133,2.186,0.82,us,us6000srs5,2026-04-21T05:39:42.040Z,"150 km E of Miyako, Japan",earthquake,7.12,1.879,0.103,9,reviewed,us,us
2026-04-21T03:17:07.811Z,-9.068,124.0863,77.167,5.5,mww,43,61,0.706,1.31,us,us6000srrc,2026-04-22T18:10:44.040Z,"35 km WNW of Pante Makasar, Timor Leste",earthquake,8.79,8.93,0.078,16,reviewed,us,us
2026-04-21T02:35:47.967Z,39.8608,143.1656,35.352,4.8,mb,53,133,1.855,0.64,us,us6000srr7,2026-04-21T02:56:06.040Z,"107 km ENE of Miyako, Japan",earthquake,7.01,7.134,0.045,153,reviewed,us,us
2026-04-21T02:22:21.410Z,0.3364,-78.3232,129.427,5.2,mww,108,24,0.36,0.97,us,us6000srr2,2026-04-22T02:41:42.601Z,"7 km WNW of Cotacachi, Ecuador",earthquake,6.76,3.704,0.045,47,reviewed,us,us
2026-04-21T02:17:48.029Z,52.0097,160.3252,23.354,4.7,mb,38,163,1.944,0.8,us,us6000srr3,2026-04-21T02:42:10.040Z,"164 km SE of Petropavlovsk-Kamchatsky, Russia",earthquake,13.52,7.455,0.08,48,reviewed,us,us
2026-04-21T00:29:35.115Z,24.6904,94.6066,92.432,5,mb,98,21,3.48,0.65,us,us6000srqj,2026-05-01T00:02:39.115Z,"56 km ENE of Wāngjing, India",earthquake,9.31,4.216,0.044,164,reviewed,us,us
2026-04-21T00:17:49.880Z,-3.5108,127.2456,120.328,4.5,mb,26,112,2.836,0.31,us,us6000srqi,2026-04-30T23:57:21.040Z,"106 km W of Ambon, Indonesia",earthquake,13.78,9.279,0.121,20,reviewed,us,us
2026-04-21T00:14:57.159Z,-16.3683,67.6413,10,4.5,mb,28,113,33.549,0.8,us,us6000ssyz,2026-04-30T22:53:00.040Z,"Mid-Indian Ridge",earthquake,11.42,1.9,0.116,22,reviewed,us,us
2026-04-21T00:08:27.448Z,23.241,94.7793,104.22,4.7,mb,127,50,2.03,0.62,us,us6000srqg,2026-04-30T22:45:34.040Z,"58 km SE of Mawlaik, Burma (Myanmar)",earthquake,8.16,5.874,0.055,101,reviewed,us,us
2026-04-20T22:11:43.393Z,-32.4222,-178.4619,10,5,mb,26,171,3.2,0.58,us,us7000sgzw,2026-04-30T02:44:01.040Z,"south of the Kermadec Islands",earthquake,8.3,1.928,0.129,19,reviewed,us,us
2026-04-20T21:59:56.770Z,1.1626,-85.3461,10,4.5,mb,30,158,6.882,0.87,us,us6000srpn,2026-04-30T02:25:10.040Z,"off the coast of Ecuador",earthquake,8.52,1.906,0.132,17,reviewed,us,us
2026-04-20T21:07:20.511Z,16.0269,121.9293,10,4.5,mb,45,119,7.338,0.95,us,us6000srph,2026-04-30T00:11:03.040Z,"40 km SE of Dumabato, Philippines",earthquake,8.03,1.88,0.098,31,reviewed,us,us
2026-04-20T18:47:05.941Z,-2.234,139.1211,10,5.3,mb,64,61,1.605,0.76,us,us6000srn6,2026-05-03T16:01:00.040Z,"172 km WNW of Abepura, Indonesia",earthquake,7.62,1.704,0.048,146,reviewed,us,us
2026-04-20T16:13:12.668Z,39.4055,143.5303,10,4.5,mb,76,135,2.342,0.7,us,us6000srkt,2026-05-08T14:28:12.040Z,"136 km E of Yamada, Japan",earthquake,5.69,1.843,0.074,54,reviewed,us,us
2026-04-20T15:27:31.224Z,-13.7066,166.5069,10,4.5,mb,20,137,1.857,0.9,us,us7000sgzc,2026-05-08T13:56:55.040Z,"114 km W of Sola, Vanuatu",earthquake,11.74,1.915,0.135,17,reviewed,us,us
2026-04-20T14:15:28.170Z,39.8675,143.3029,29.516,4.7,mb,75,117,1.943,0.82,us,us6000srka,2026-04-30T15:10:03.040Z,"119 km ENE of Miyako, Japan",earthquake,7.87,5.248,0.061,80,reviewed,us,us
2026-04-20T12:56:47.362Z,39.5466,143.3282,25.586,5.1,mb,114,64,2.133,0.62,us,us6000srjx,2026-05-11T06:02:21.040Z,"118 km E of Yamada, Japan",earthquake,7.82,3.587,0.03,363,reviewed,us,us
2026-04-20T11:44:37.901Z,10.8663,125.9345,35,4.6,mb,62,101,20.553,0.48,us,us6000srjn,2026-04-20T13:28:04.833Z,"14 km ESE of Sulangan, Philippines",earthquake,12.3,1.877,0.072,58,reviewed,us,us
2026-04-20T11:28:58.377Z,39.6552,143.035,24.628,4.5,mb,91,121,1.887,0.45,us,us6000srjl,2026-04-20T11:56:19.040Z,"93 km E of Miyako, Japan",earthquake,7.3,2.521,0.061,79,reviewed,us,us
2026-04-20T10:44:13.798Z,39.4674,143.5218,35,5.1,mb,93,61,2.3,0.83,us,us6000srj9,2026-05-06T11:47:06.040Z,"135 km E of Yamada, Japan",earthquake,7.97,1.858,0.032,324,reviewed,us,us
2026-04-20T10:15:24.818Z,-2.7076,128.8697,14.348,4.5,mb,33,69,2.078,1.15,us,us7000sgyy,2026-05-06T10:41:13.040Z,"66 km N of Masohi, Indonesia",earthquake,8.5,4.993,0.121,20,reviewed,us,us
2026-04-20T09:54:45.654Z,51.0985,179.3373,45.575,4.6,mb,61,203,0.281,0.86,us,us6000srix,2026-05-06T10:03:03.040Z,"292 km WSW of Adak, Alaska",earthquake,5.2,7.862,0.075,54,reviewed,us,us
2026-04-20T09:49:44.816Z,39.888,143.39,35,5.1,mb,114,65,1.992,0.95,us,us6000sriv,2026-05-07T07:39:17.040Z,"127 km ENE of Miyako, Japan",earthquake,6.95,1.109,0.032,323,reviewed,us,us
2026-04-20T08:32:46.679Z,39.6393,143.2591,24.452,5.6,mb,36,97,2.035,0.56,us,us6000srih,2026-04-22T10:34:37.727Z,"113 km E of Miyako, Japan",earthquake,4.88,5.274,0.095,39,reviewed,us,us
2026-04-20T07:53:00.185Z,39.9532,143.0462,35,7.4,mww,101,34,1.729,0.91,us,us6000sri7,2026-04-30T03:30:11.103Z,"100 km ENE of Miyako, Japan",earthquake,6.05,1.867,0.036,73,reviewed,us,us
2026-04-20T07:04:23.455Z,-32.4235,-178.3141,10,5.1,mb,32,96,3.185,0.73,us,us6000srhw,2026-04-20T07:24:19.040Z,"south of the Kermadec Islands",earthquake,10.79,1.904,0.106,29,reviewed,us,us
2026-04-20T05:19:35.993Z,-7.9677,124.3047,183.138,5.2,mb,32,117,1.777,0.65,us,us6000srhi,2026-04-20T05:33:05.040Z,"122 km NW of Maubara, Timor Leste",earthquake,10.39,7.956,0.105,30,reviewed,us,us
2026-04-20T03:47:03.766Z,-4.3965,144.3557,137.532,4.7,mb,33,91,3.807,0.54,us,us6000srh9,2026-04-20T04:01:57.040Z,"48 km SE of Angoram, Papua New Guinea",earthquake,9.09,7.955,0.126,19,reviewed,us,us
2026-04-20T01:21:17.497Z,-49.6913,117.4061,10,5.4,mww,43,62,16.749,0.67,us,us6000srgj,2026-05-05T03:26:33.002Z,"western Indian-Antarctic Ridge",earthquake,10.42,1.852,0.068,21,reviewed,us,us
2026-04-20T01:10:40.107Z,-49.6663,117.2989,10,4.5,mb,13,152,16.723,0.88,us,us7000sgy0,2026-05-03T22:58:55.040Z,"western Indian-Antarctic Ridge",earthquake,17.15,1.944,0.18,11,reviewed,us,us
2026-04-20T00:19:19.734Z,-32.5751,-177.3904,10,4.9,mb,32,204,3.351,0.91,us,us6000srg8,2026-04-29T20:27:40.040Z,"south of the Kermadec Islands",earthquake,11.12,1.972,0.126,21,reviewed,us,us
2026-04-19T23:52:29.845Z,-32.3144,-177.9249,10,5.1,mb,36,119,3.059,0.71,us,us6000srg6,2026-04-29T00:56:04.040Z,"south of the Kermadec Islands",earthquake,11.34,1.051,0.098,34,reviewed,us,us
2026-04-19T23:16:00.607Z,-23.5776,179.7995,546.165,4.5,mb,35,133,6.029,0.62,us,us7000sgqs,2026-04-29T00:32:12.040Z,"south of the Fiji Islands",earthquake,13.2,8.682,0.104,27,reviewed,us,us
2026-04-19T19:55:37.997Z,-32.4085,-178.088,10,4.9,mb,30,177,3.156,0.72,us,us6000srf6,2026-05-03T15:49:26.040Z,"south of the Kermadec Islands",earthquake,8.86,1.951,0.11,26,reviewed,us,us
2026-04-19T19:54:07.952Z,-32.3786,-178.1302,10,4.8,mb,19,176,3.128,0.61,us,us7000sgqg,2026-05-02T15:58:45.040Z,"south of the Kermadec Islands",earthquake,10.97,1.963,0.148,14,reviewed,us,us
2026-04-19T19:01:13.993Z,-32.4271,-178.415,10,4.7,mb,20,172,3.199,0.28,us,us6000srez,2026-05-03T15:45:50.040Z,"south of the Kermadec Islands",earthquake,7.46,1.946,0.127,19,reviewed,us,us
2026-04-19T18:35:44.601Z,3.479,126.5469,35,4.8,mb,65,84,3.695,0.54,us,us6000sret,2026-05-03T15:41:06.040Z,"244 km SSE of Sarangani, Philippines",earthquake,10.29,1.842,0.062,79,reviewed,us,us
2026-04-19T17:44:34.237Z,-32.1561,-178.3314,10,4.5,mb,14,150,2.922,0.5,us,us7000sgqa,2026-05-01T19:38:04.040Z,"south of the Kermadec Islands",earthquake,11.04,1.95,0.181,10,reviewed,us,us
2026-04-19T17:34:47.284Z,-15.2155,-173.4844,36,6.1,mww,85,35,2.098,0.79,us,us6000sred,2026-05-03T15:45:34.278Z,"88 km NNE of Hihifo, Tonga",earthquake,9.51,1.942,0.061,26,reviewed,us,us
2026-04-19T16:48:44.590Z,-5.5575,147.1142,186.065,4.5,mb,26,52,3.5,0.81,us,us7000sgq8,2026-05-08T13:27:39.040Z,"129 km N of Lae, Papua New Guinea",earthquake,9.01,7.204,0.135,16,reviewed,us,us
2026-04-19T15:18:02.574Z,52.8093,161.0022,10,4.9,mb,68,139,2.011,1.07,us,us6000srd5,2026-05-07T21:19:36.040Z,"162 km E of Petropavlovsk-Kamchatsky, Russia",earthquake,9.97,1.895,0.036,237,reviewed,us,us
2026-04-19T14:59:58.881Z,-7.2438,155.8964,92.88,4.8,mb,55,69,4.563,0.96,us,us6000srcw,2026-05-07T21:08:11.040Z,"112 km SSE of Panguna, Papua New Guinea",earthquake,9.02,7.31,0.084,44,reviewed,us,us
2026-04-19T14:39:16.331Z,39.2685,-119.0857,6,4.73,mwr,11,90,0.039,0.1626,nn,nn00915543,2026-05-07T19:40:37.754Z,"20 km SE of Silver Springs, Nevada",earthquake,,2.0833,,,reviewed,nn,nn
2026-04-19T13:00:04.467Z,52.6768,161.094,10,4.6,mb,32,149,2.102,0.58,us,us6000srbm,2026-04-19T14:07:27.040Z,"171 km ESE of Petropavlovsk-Kamchatsky, Russia",earthquake,7.13,1.946,0.09,37,reviewed,us,us
2026-04-19T10:45:01.020Z,34.7585,92.9189,10,4.5,mb,60,94,5.264,0.58,us,us6000srak,2026-04-19T11:24:29.040Z,"Southern Qinghai, China",earthquake,7.03,1.86,0.075,52,reviewed,us,us
2026-04-19T09:03:20.194Z,45.1412,151.2608,10,4.7,mb,65,182,6.269,0.86,us,us6000srab,2026-04-19T09:38:31.040Z,"266 km E of Kuril’sk, Russia",earthquake,11.03,1.93,0.046,144,reviewed,us,us
2026-04-19T08:07:33.770Z,-21.7953,68.7455,10,4.8,mb,41,67,5.423,1.15,us,us6000sra6,2026-05-03T06:38:21.040Z,"Mid-Indian Ridge",earthquake,8.34,1.875,0.089,39,reviewed,us,us
2026-04-19T08:05:15.528Z,-32.3484,-177.3276,10,4.6,mb,15,189,3.136,0.82,us,us7000sgpt,2026-05-03T06:36:10.040Z,"south of the Kermadec Islands",earthquake,12.36,1.981,0.165,11,reviewed,us,us
2026-04-19T07:04:38.896Z,34.8978,25.8415,10,4.8,mb,62,96,0.872,0.87,us,us6000sr9u,2026-05-02T11:20:35.040Z,"15 km SE of Ierápetra, Greece",earthquake,3.64,1.821,0.054,105,reviewed,us,us
2026-04-19T06:13:29.994Z,-31.8532,-178.1393,10,4.6,mb,16,176,2.606,0.58,us,us7000sgpn,2026-04-30T12:43:40.040Z,"Kermadec Islands region",earthquake,14.08,1.973,0.141,15,reviewed,us,us
2026-04-19T05:41:11.130Z,6.6199,127.284,10,4.6,mb,27,132,1.751,0.65,us,us7000sgpl,2026-04-30T12:27:31.040Z,"103 km ESE of San Ignacio, Philippines",earthquake,12.91,1.927,0.095,33,reviewed,us,us
2026-04-19T05:35:16.689Z,-32.1851,-178.2523,10,5.2,mb,25,82,2.944,1.07,us,us6000sr9c,2026-04-19T05:53:38.040Z,"south of the Kermadec Islands",earthquake,6.8,1.895,0.064,80,reviewed,us,us
2026-04-19T04:50:33.313Z,-31.9911,-177.929,35,4.6,mb,11,180,2.737,1.16,us,us7000sgpi,2026-04-29T01:36:30.040Z,"Kermadec Islands region",earthquake,13.65,1.932,0.182,9,reviewed,us,us
2026-04-19T03:12:29.585Z,-32.053,-177.8026,10,5,mb,26,141,2.801,1.34,us,us6000sr8i,2026-04-29T01:04:51.040Z,"south of the Kermadec Islands",earthquake,10.88,1.912,0.141,19,reviewed,us,us
2026-04-18T20:55:57.322Z,-32.4577,-177.734,10,4.6,mb,15,183,3.207,0.52,us,us7000sght,2026-05-01T18:35:13.040Z,"south of the Kermadec Islands",earthquake,11.22,1.967,0.173,11,reviewed,us,us
2026-04-18T20:06:50.008Z,1.1159,96.9827,18,5.7,mww,105,56,0.621,0.64,us,us6000sr5z,2026-05-02T19:31:36.282Z,"72 km WSW of Gunungsitoli, Indonesia",earthquake,5.07,1.688,0.073,18,reviewed,us,us
2026-04-18T19:46:53.383Z,-5.6271,147.0495,187.285,4.6,mb,65,54,3.574,0.93,us,us6000sr5w,2026-05-02T19:05:06.936Z,"121 km N of Lae, Papua New Guinea",earthquake,9.67,7.478,0.05,118,reviewed,us,us
2026-04-18T18:29:59.405Z,-32.3506,-178.1304,12,5.4,mww,151,41,3.1,0.8,us,us6000sr5n,2026-05-01T16:53:25.796Z,"south of the Kermadec Islands",earthquake,7.77,1.708,0.048,42,reviewed,us,us
2026-04-18T18:24:54.073Z,31.4585,49.9419,10,4.7,mb,86,85,5.08,0.81,us,us6000sr5m,2026-05-02T18:22:01.040Z,"37 km ENE of Rāmhormoz, Iran",earthquake,10.44,1.875,0.049,126,reviewed,us,us
2026-04-18T16:03:44.801Z,-32.0016,-178.1123,11.774,5,mww,128,63,2.752,0.68,us,us6000sr4y,2026-05-09T18:51:14.040Z,"south of the Kermadec Islands",earthquake,7.59,3.04,0.103,9,reviewed,us,us
2026-04-18T15:24:33.144Z,-37.0796,-97.243,10,4.6,mb,120,160,20.311,0.54,us,us7000sghj,2026-05-09T17:56:39.040Z,"southeast of Easter Island",earthquake,16.64,1.94,0.05,122,reviewed,us,us
2026-04-18T15:03:01.272Z,-10.6593,161.552,58.805,5.8,mww,248,17,1.992,0.64,us,us6000sr4k,2026-05-09T17:33:19.644Z,"46 km WSW of Kirakira, Solomon Islands",earthquake,7.46,4.069,0.042,55,reviewed,us,us
2026-04-18T14:26:11.219Z,28.2182,103.5182,10,4.5,mb,113,28,5.61,0.59,us,us6000sr4f,2026-05-09T16:58:13.040Z,"85 km WSW of Shuanglong, China",earthquake,8.01,1.85,0.056,102,reviewed,us,us
2026-04-18T14:12:46.669Z,-32.0356,-177.8623,10,4.9,mb,19,137,2.782,0.93,us,us7000sghh,2026-05-09T16:37:14.040Z,"south of the Kermadec Islands",earthquake,12.75,1.928,0.132,18,reviewed,us,us
2026-04-18T13:42:29.560Z,-16.1051,-175.9454,109.282,4.6,mb,18,165,4.577,0.83,us,us7000sghf,2026-05-09T16:01:28.040Z,"230 km W of Hihifo, Tonga",earthquake,19.48,23.531,0.158,13,reviewed,us,us
2026-04-18T13:26:59.150Z,-32.0511,-177.9414,10,4.5,mb,12,179,2.797,0.19,us,us7000sgh8,2026-05-09T14:59:28.040Z,"south of the Kermadec Islands",earthquake,14.82,1.984,0.171,12,reviewed,us,us
2026-04-18T13:23:38.831Z,-32.0241,-178.0387,10,4.6,mb,13,178,2.772,0.85,us,us7000sghd,2026-05-09T14:45:11.040Z,"south of the Kermadec Islands",earthquake,9.97,1.869,0.181,9,reviewed,us,us
2026-04-18T13:15:09.569Z,51.4562,-179.5842,37.657,5,mww,175,79,0.491,0.75,us,us6000sr43,2026-05-10T13:25:18.362Z,"209 km WSW of Adak, Alaska",earthquake,11.96,8.407,0.059,28,reviewed,us,us
2026-04-18T12:16:26.645Z,-32.0158,-178.0536,10,5.1,mb,85,41,2.764,0.66,us,us6000sr3w,2026-05-03T08:21:31.040Z,"south of the Kermadec Islands",earthquake,11.37,1.859,0.046,157,reviewed,us,us
2026-04-18T12:15:48.654Z,-31.8865,-178.1256,10,4.8,mb,31,134,2.638,0.59,us,us6000sr3x,2026-05-03T08:14:03.040Z,"Kermadec Islands region",earthquake,13.83,1.534,0.1,31,reviewed,us,us
2026-04-18T12:05:43.716Z,-15.075,-173.2699,10,4.6,mb,39,64,1.849,0.58,us,us7000sgh6,2026-04-30T11:14:40.040Z,"112 km NNE of Hihifo, Tonga",earthquake,10.66,1.878,0.107,26,reviewed,us,us
2026-04-18T12:01:20.487Z,15.0356,122.2694,10,4.6,mb,48,114,8.363,0.93,us,us6000sr3t,2026-04-30T08:53:50.040Z,"25 km ENE of Karligan, Philippines",earthquake,11.94,1.9,0.08,46,reviewed,us,us
2026-04-18T11:45:56.167Z,-31.8933,-178.1215,10,4.6,mb,24,118,2.645,0.61,us,us7000sgh5,2026-04-30T08:51:53.040Z,"Kermadec Islands region",earthquake,12.72,1.924,0.111,24,reviewed,us,us
2026-04-18T11:04:56.721Z,0.3117,125.7149,35,5,mb,58,66,6.37,1.1,us,us6000sr3p,2026-04-30T07:13:14.040Z,"140 km SSE of Bitung, Indonesia",earthquake,8.98,1.925,0.071,63,reviewed,us,us
2026-04-18T10:56:39.478Z,-31.9801,-178.0719,10,4.8,mb,33,118,2.729,1.08,us,us7000sgh0,2026-05-03T07:58:49.040Z,"Kermadec Islands region",earthquake,10.77,1.919,0.103,29,reviewed,us,us
2026-04-18T10:53:35.005Z,-32.3036,-178.6408,10,4.7,mb,22,115,3.11,0.48,us,us7000sgh3,2026-05-03T08:11:51.040Z,"south of the Kermadec Islands",earthquake,10.72,1.88,0.123,20,reviewed,us,us
2026-04-18T10:47:55.388Z,-32.0028,-178.0923,13,5.9,mww,96,33,2.752,1,us,us6000sr3l,2026-04-30T06:41:31.689Z,"south of the Kermadec Islands",earthquake,11.25,1.854,0.061,26,reviewed,us,us
2026-04-18T10:25:27.355Z,-15.9744,-173.2748,34.568,4.5,mb,34,100,2.51,0.48,us,us7000sggz,2026-04-30T06:05:41.040Z,"55 km E of Hihifo, Tonga",earthquake,10.58,5.827,0.106,26,reviewed,us,us
2026-04-18T10:24:59.265Z,6.798,-73.0411,166.033,4.6,mb,48,83,2.321,0.84,us,us6000sr3g,2026-04-30T06:08:01.040Z,"8 km WNW of Cepitá, Colombia",earthquake,11.3,10.259,0.029,362,reviewed,us,us
2026-04-18T10:23:40.919Z,0.2615,125.7654,35,4.9,mb,47,90,6.299,0.86,us,us6000sr3h,2026-04-30T05:51:08.040Z,"148 km SSE of Bitung, Indonesia",earthquake,9.54,1.933,0.08,49,reviewed,us,us
2026-04-18T09:32:01.891Z,-15.2282,-173.2611,10,4.8,mb,45,76,1.942,0.8,us,us6000sr3d,2026-04-30T05:25:23.040Z,"98 km NE of Hihifo, Tonga",earthquake,10.17,1.87,0.048,134,reviewed,us,us
2026-04-18T09:28:16.147Z,-15.2272,-173.005,10,4.6,mb,26,106,1.766,1.17,us,us7000sggv,2026-04-29T12:44:31.040Z,"116 km NE of Hihifo, Tonga",earthquake,11.63,1.89,0.125,19,reviewed,us,us
2026-04-18T09:25:49.773Z,-11.2076,164.1255,10,4.5,mb,25,123,4.471,0.76,us,us6000sr3c,2026-05-03T07:16:41.040Z,"190 km WSW of Lata, Solomon Islands",earthquake,12.06,1.946,0.124,19,reviewed,us,us
2026-04-18T06:17:45.186Z,6.5146,60.2642,10,4.5,mb,36,133,18.734,0.9,us,us7000sggr,2026-05-11T14:04:27.040Z,"Carlsberg Ridge",earthquake,14.13,1.934,0.106,26,reviewed,us,us
2026-04-18T06:04:35.041Z,6.4842,60.2475,10,4.9,mb,46,87,12.062,0.64,us,us6000sr2q,2026-04-18T06:23:29.040Z,"Carlsberg Ridge",earthquake,10.89,1.902,0.091,38,reviewed,us,us
2026-04-18T05:59:58.199Z,6.409,60.2178,10,5.5,mww,50,89,11.982,0.7,us,us6000sr2n,2026-04-19T06:24:48.069Z,"Carlsberg Ridge",earthquake,10.72,1.896,0.093,11,reviewed,us,us
2026-04-18T05:58:06.815Z,6.4698,60.1939,10,4.6,mb,42,63,12.028,1.05,us,us7000sggq,2026-05-11T15:58:02.040Z,"Carlsberg Ridge",earthquake,8.76,1.678,0.092,35,reviewed,us,us
2026-04-18T05:54:30.799Z,36.5388,137.9099,10,4.9,mww,135,57,0.237,0.69,us,us6000sr2i,2026-04-18T07:10:57.147Z,"5 km NE of Ōmachi, Japan",earthquake,7.84,1.863,0.11,8,reviewed,us,us
2026-04-18T04:40:13.085Z,45.898,151.6669,35,5.2,mww,98,94,6.674,0.8,us,us6000sr27,2026-04-29T00:03:26.040Z,"Kuril Islands",earthquake,9.1,1.826,0.071,19,reviewed,us,us
2026-04-18T04:37:13.155Z,-5.6283,130.0167,211.379,4.5,mb,23,83,1.104,1.32,us,us6000sr22,2026-04-28T23:50:41.040Z,"280 km SSE of Amahai, Indonesia",earthquake,11.04,8.653,0.156,12,reviewed,us,us
2026-04-18T04:20:05.397Z,36.5842,137.7881,10,4.9,mb,61,53,0.337,0.54,us,us6000sr1y,2026-05-06T22:15:10.040Z,"11 km NW of Ōmachi, Japan",earthquake,6.27,1.871,0.042,175,reviewed,us,us
2026-04-18T04:06:49.414Z,-31.8517,-178.01,10,4.9,mb,20,178,2.599,1.22,us,us6000sr31,2026-04-28T23:34:43.040Z,"Kermadec Islands region",earthquake,12.37,1.928,0.155,14,reviewed,us,us
2026-04-18T03:16:13.222Z,36.5948,70.8201,196.578,4.5,mb,77,61,2.167,1.15,us,us6000sr1k,2026-04-28T23:27:52.040Z,"29 km S of Jurm, Afghanistan",earthquake,8.11,6.819,0.054,103,reviewed,us,us
2026-04-18T02:54:20.435Z,36.5227,70.8653,200.678,5.4,mww,83,36,2.204,1,us,us6000sr1e,2026-05-06T10:29:33.647Z,"38 km S of Jurm, Afghanistan",earthquake,8.08,5.928,0.055,32,reviewed,us,us
2026-04-18T02:14:34.165Z,1.3682,126.1551,35,4.7,mb,44,79,6.948,1.15,us,us6000sr16,2026-04-28T22:28:05.040Z,"114 km E of Bitung, Indonesia",earthquake,8.98,1.903,0.083,49,reviewed,us,us
2026-04-18T02:08:08.346Z,-20.9594,-68.2593,121.245,4.5,mb,35,59,1.15,1.03,us,us6000sr12,2026-04-28T22:25:43.040Z,"29 km N of Ollagüe, Chile",earthquake,5.92,7.158,0.118,22,reviewed,us,us
2026-04-18T00:28:22.084Z,45.3642,150.9553,38.202,5,mb,66,112,6.085,0.73,us,us6000sr09,2026-05-05T02:02:14.040Z,"241 km E of Kuril’sk, Russia",earthquake,9.95,5.669,0.036,241,reviewed,us,us
2026-04-17T23:29:38.089Z,1.2934,126.2705,35,5.1,mb,59,80,7.295,1.22,us,us6000sqzn,2026-05-05T01:03:28.040Z,"128 km E of Bitung, Indonesia",earthquake,9.51,1.887,0.051,126,reviewed,us,us
2026-04-17T23:27:34.807Z,1.3072,126.1854,35,5,mb,49,92,5.756,0.98,us,us6000ssmc,2026-05-03T21:21:24.040Z,"118 km E of Bitung, Indonesia",earthquake,8.71,1.911,0.084,45,reviewed,us,us
2026-04-17T23:21:27.212Z,0.0471,123.7874,120.399,5.1,mww,92,26,6.443,1.05,us,us6000sqzl,2026-05-04T23:40:27.040Z,"84 km WSW of Modisi, Indonesia",earthquake,9.49,5.675,0.073,18,reviewed,us,us
2026-04-17T22:19:20.867Z,-6.2079,131.2785,65.339,4.7,mb,35,108,2.162,0.83,us,us6000sqz7,2026-05-04T23:05:48.040Z,"175 km WSW of Tual, Indonesia",earthquake,8.24,7.978,0.088,39,reviewed,us,us
2026-04-17T22:08:33.433Z,30.9265,-41.7287,10,4.6,mb,22,160,21.156,0.86,us,us6000ssm9,2026-05-02T23:45:09.040Z,"northern Mid-Atlantic Ridge",earthquake,10.36,1.93,0.137,16,reviewed,us,us
2026-04-17T21:46:31.206Z,-5.9716,148.5258,97.801,5,mb,58,46,3.67,0.64,us,us6000sqz1,2026-05-04T22:40:43.040Z,"99 km NE of Finschhafen, Papua New Guinea",earthquake,7.45,5.762,0.051,120,reviewed,us,us
2026-04-17T20:52:26.389Z,-32.1948,-178.0282,10,4.7,mb,23,135,2.941,1.1,us,us6000ssm6,2026-05-08T20:03:22.040Z,"south of the Kermadec Islands",earthquake,10.3,1.66,0.126,20,reviewed,us,us
2026-04-17T12:39:26.641Z,13.1896,-44.8124,10,5.4,mww,67,87,11.142,0.82,us,us6000sqta,2026-04-18T13:03:41.848Z,"northern Mid-Atlantic Ridge",earthquake,10.46,1.883,0.098,10,reviewed,us,us
2026-04-17T12:37:12.403Z,50.3189,156.5459,70.766,4.6,mb,65,127,2.884,0.59,us,us6000sqtb,2026-04-17T13:03:45.040Z,"49 km SE of Severo-Kuril’sk, Russia",earthquake,11.1,7.22,0.047,133,reviewed,us,us
2026-04-17T11:51:06.143Z,-31.5796,-178.1957,35,4.5,mb,19,140,2.338,0.98,us,us6000sslt,2026-05-11T13:48:30.040Z,"Kermadec Islands region",earthquake,12.31,1.946,0.124,19,reviewed,us,us
2026-04-17T10:21:15.146Z,0.675,126.3137,32.187,4.7,mb,35,96,6.924,0.38,us,us6000sqrf,2026-04-17T10:37:24.040Z,"119 km W of Ternate, Indonesia",earthquake,8.97,6.004,0.099,31,reviewed,us,us
2026-04-17T07:28:03.173Z,-3.4051,138.6235,71.73,4.5,mb,25,89,2.257,0.58,us,us6000ssli,2026-04-29T11:47:30.040Z,"240 km WSW of Abepura, Indonesia",earthquake,12.01,8.199,0.101,29,reviewed,us,us
2026-04-17T06:47:16.905Z,9.6712,125.7062,120.188,4.5,mb,58,113,2.588,0.84,us,us6000sqqr,2026-05-04T06:30:37.563Z,"8 km N of Gigaquit, Philippines",earthquake,10.78,2.91,0.054,100,reviewed,us,us
2026-04-17T06:19:48.509Z,-31.4474,-69.3163,120.379,4.8,mb,56,44,0.56,1.26,us,us6000sqqg,2026-04-29T10:51:04.638Z,"16 km SE of Calingasta, Argentina",earthquake,5.64,4.963,0.031,325,reviewed,us,us
2026-04-17T02:38:34.648Z,-31.5282,-66.7989,131.231,4.5,mb,44,84,1.598,1.16,us,us6000sqpv,2026-04-25T00:19:36.040Z,"109 km WNW of Candelaria, Argentina",earthquake,8.73,8.007,0.082,44,reviewed,us,us
2026-04-17T00:58:02.096Z,16.6908,-95.7614,54.896,4.7,mb,44,129,2.819,0.9,us,us6000sqpd,2026-05-04T05:27:13.601Z,"19 km SSW of Santiago Quiavicuzas, Mexico",earthquake,8.68,8.99,0.037,228,reviewed,us,us
2026-04-16T23:38:49.979Z,-18.6223,-175.3936,235.255,4.5,mb,43,53,5.196,1.56,us,us6000sqnw,2026-05-04T04:56:53.040Z,"148 km W of Neiafu, Tonga",earthquake,10.7,7.179,0.081,46,reviewed,us,us
2026-04-16T21:46:24.979Z,0.2249,-16.5662,10,5.1,mb,29,153,20.217,0.91,us,us6000sqn6,2026-05-04T04:27:49.040Z,"north of Ascension Island",earthquake,15.36,1.954,0.073,62,reviewed,us,us
2026-04-16T20:36:41.987Z,0.0362,-16.5315,10,5.4,mww,108,58,8.206,0.49,us,us6000sqml,2026-05-05T20:44:54.669Z,"north of Ascension Island",earthquake,8.9,1.612,0.073,18,reviewed,us,us
2026-04-16T19:51:59.293Z,-32.3197,-178.216,10,4.7,mb,18,245,5.958,0.44,us,us6000sqme,2026-05-04T17:49:31.040Z,"south of the Kermadec Islands",earthquake,14.55,1.99,0.143,16,reviewed,us,us
2026-04-16T19:19:54.542Z,0.7935,126.4196,35,4.5,mb,59,83,6.29,0.88,us,us6000sqm3,2026-05-04T17:43:18.040Z,"107 km W of Ternate, Indonesia",earthquake,5.07,1.862,0.075,52,reviewed,us,us
2026-04-16T18:07:37.637Z,-23.4951,-179.8914,552.298,4.5,mb,37,163,6.036,0.64,us,us6000sqli,2026-05-04T17:22:33.040Z,"south of the Fiji Islands",earthquake,12.99,4.975,0.098,31,reviewed,us,us
2026-04-16T17:19:16.811Z,24.0836,143.0651,10,4.8,mb,75,97,20.209,0.78,us,us6000sqla,2026-05-04T15:50:28.040Z,"Volcano Islands, Japan region",earthquake,7.59,1.878,0.044,163,reviewed,us,us
2026-04-16T16:51:55.115Z,-45.7356,-75.814,10,4.8,mb,27,169,1.723,0.68,us,us6000sqk6,2026-05-07T17:06:11.040Z,"235 km W of Puerto Chacabuco, Chile",earthquake,9.36,1.956,0.131,18,reviewed,us,us
2026-04-16T14:43:07.686Z,33.3404,142.4107,10,5,mb,56,93,4.702,1.05,us,us6000sqjk,2026-05-07T15:33:05.040Z,"278 km SE of Katsuura, Japan",earthquake,10.73,1.873,0.036,244,reviewed,us,us
2026-04-16T14:41:42.475Z,-32.0223,-177.7708,10,4.6,mb,16,182,2.772,0.93,us,us6000ssk7,2026-05-11T15:55:57.040Z,"south of the Kermadec Islands",earthquake,13.57,1.946,0.207,12,reviewed,us,us
2026-04-16T13:46:20.897Z,-32.0912,-178.0999,10,4.6,mb,15,119,2.841,0.89,us,us6000ssk4,2026-05-07T14:34:23.040Z,"south of the Kermadec Islands",earthquake,9.32,1.879,0.173,11,reviewed,us,us
2026-04-16T13:34:36.447Z,-21.8149,-176.6917,208.037,4.5,mb,40,166,6.393,0.61,us,us6000ssk2,2026-05-03T20:27:03.040Z,"160 km WSW of Houma, Tonga",earthquake,15.18,8.63,0.078,51,reviewed,us,us
2026-04-16T13:30:03.496Z,-32.1443,-178.3174,12,6,mww,70,52,2.909,1.04,us,us6000sqjb,2026-05-03T20:24:38.683Z,"south of the Kermadec Islands",earthquake,9.52,1.787,0.065,23,reviewed,us,us
2026-04-16T12:40:10.269Z,-32.1963,-178.1846,10,4.9,mb,32,132,2.95,0.85,us,us6000sqj4,2026-05-08T12:47:44.040Z,"south of the Kermadec Islands",earthquake,10.77,1.914,0.1,31,reviewed,us,us
2026-04-16T08:51:19.275Z,-24.183,-67.1893,163.364,4.6,mb,26,62,1.525,0.92,us,us6000sqid,2026-05-02T10:27:46.040Z,"88 km W of San Antonio de los Cobres, Argentina",earthquake,9.03,7.834,0.125,19,reviewed,us,us
2026-04-16T08:09:02.517Z,-14.6212,-76.7228,10,5.2,mb,70,137,2.62,0.6,us,us6000sqib,2026-05-02T10:22:26.801Z,"96 km SSW of Paracas, Peru",earthquake,10.39,1.911,0.024,580,reviewed,us,us
2026-04-16T06:26:44.543Z,-10.7584,161.9393,49.661,4.9,mb,31,110,2.359,1.2,us,us6000sqhl,2026-05-01T12:15:06.040Z,"33 km S of Kirakira, Solomon Islands",earthquake,9.78,8.436,0.091,38,reviewed,us,us
2026-04-16T06:18:50.757Z,-6.3854,-76.8958,118.718,4.6,mb,60,113,4.234,0.71,us,us6000sqhk,2026-05-01T12:13:09.040Z,"23 km W of Tabalosos, Peru",earthquake,9.91,8.514,0.036,233,reviewed,us,us
2026-04-16T05:01:30.732Z,-6.9925,150.3663,10,4.9,mb,57,147,3.308,0.76,us,us6000sqh2,2026-05-01T11:24:27.040Z,"125 km SE of Kandrian, Papua New Guinea",earthquake,9.97,1.88,0.059,92,reviewed,us,us
2026-04-15T23:19:31.544Z,21.9956,145.6977,10,4.6,mb,70,133,15.394,0.87,us,us6000sqfi,2026-05-02T01:53:11.040Z,"Mariana Islands region",earthquake,11.45,1.903,0.072,57,reviewed,us,us
2026-04-15T22:43:08.054Z,-11.4031,162.895,10,4.5,mb,17,158,3.495,0.69,us,us6000ssdq,2026-05-06T22:54:38.040Z,"149 km SE of Kirakira, Solomon Islands",earthquake,10.19,1.945,0.163,11,reviewed,us,us
2026-04-15T21:48:34.036Z,-31.0267,59.0751,10,4.5,mb,14,92,12.265,0.62,us,us6000ssdn,2026-05-06T22:47:13.040Z,"Southwest Indian Ridge",earthquake,7.39,1.903,0.171,10,reviewed,us,us
2026-04-15T17:09:18.470Z,-20.4526,-177.972,546.219,4.6,mb,91,98,4.624,0.73,us,us6000sqbr,2026-05-07T20:26:45.040Z,"289 km WNW of Houma, Tonga",earthquake,11.73,6.939,0.055,101,reviewed,us,us
2026-04-15T10:40:06.634Z,14.8818,122.1697,10,4.5,mb,37,129,8.5,0.76,us,us6000sq7h,2026-04-24T08:54:46.040Z,"10 km N of Patnanungan, Philippines",earthquake,6.29,1.898,0.102,28,reviewed,us,us
2026-04-15T07:59:41.786Z,-21.3397,170.3074,174.5,5.4,mww,78,31,2.942,0.94,us,us6000sq6d,2026-05-05T14:09:28.368Z,"226 km SSE of Isangel, Vanuatu",earthquake,8.64,5.135,0.059,28,reviewed,us,us
2026-04-15T07:27:56.374Z,-11.4884,163.2318,10,4.9,mb,57,54,3.819,0.83,us,us6000sq66,2026-05-05T13:45:36.040Z,"183 km SE of Kirakira, Solomon Islands",earthquake,8.7,1.845,0.052,116,reviewed,us,us
2026-04-15T06:56:01.643Z,9.8888,-86.3557,17,5.7,mww,143,55,1.404,1.25,us,us6000sq5z,2026-05-06T06:48:59.872Z,"72 km SW of Tamarindo, Costa Rica",earthquake,7.25,1.721,0.038,68,reviewed,us,us
2026-04-15T02:38:27.579Z,-51.698,-75.0388,47.593,4.8,mb,40,150,2.427,0.77,us,us6000sq4t,2026-05-02T01:41:37.040Z,"175 km W of Puerto Natales, Chile",earthquake,10.97,6.679,0.101,30,reviewed,us,us
2026-04-15T02:10:40.566Z,-7.0184,117.1183,492.866,4.9,mb,94,42,1.912,0.84,us,us6000sq4s,2026-05-02T01:38:41.040Z,"159 km NNW of Pototano, Indonesia",earthquake,10.11,7.176,0.069,66,reviewed,us,us
2026-04-14T23:32:40.971Z,-56.4058,-142.0776,10,4.6,mb,17,86,31.764,0.71,us,us6000sqry,2026-04-27T00:41:16.040Z,"Pacific-Antarctic Ridge",earthquake,7.54,1.909,0.141,15,reviewed,us,us
2026-04-14T18:28:36.603Z,-15.0528,-173.4587,10,4.7,mb,21,157,1.982,1.06,us,us6000sqrx,2026-04-27T14:19:34.040Z,"106 km NNE of Hihifo, Tonga",earthquake,9.3,1.918,0.117,22,reviewed,us,us
2026-04-14T16:37:21.849Z,-18.6677,-175.6246,187.332,4.7,mb,44,84,5.41,0.85,us,us6000sq0w,2026-05-07T19:11:34.040Z,"173 km W of Neiafu, Tonga",earthquake,12.86,9.471,0.087,40,reviewed,us,us
2026-04-14T15:51:34.657Z,-6.1118,148.981,66.426,4.5,mb,71,58,3.7,0.65,us,us6000sq0l,2026-05-07T19:01:48.040Z,"63 km W of Kandrian, Papua New Guinea",earthquake,7.38,7.783,0.064,73,reviewed,us,us
2026-04-14T12:45:45.281Z,52.1844,175.0339,56.195,4.7,mb,163,99,0.79,0.64,us,us6000spzb,2026-05-07T06:52:58.040Z,"145 km ESE of Attu Station, Alaska",earthquake,6.65,6.158,0.036,228,reviewed,us,us
2026-04-14T12:44:10.375Z,-8.9094,124.1399,83.543,4.5,mb,32,104,0.85,0.89,us,us6000spza,2026-05-07T06:09:21.040Z,"41 km NW of Pante Makasar, Timor Leste",earthquake,9.7,8.258,0.102,28,reviewed,us,us
2026-04-14T11:35:18.979Z,44.3585,149.263,36.79,4.5,mb,92,135,4.799,0.68,us,us6000spyx,2026-05-07T06:24:10.040Z,"146 km SE of Kuril’sk, Russia",earthquake,11.04,7.828,0.061,79,reviewed,us,us
2026-04-14T10:19:51.691Z,-33.5456,148.8741,5,4.5,mb,22,76,1.772,0.83,us,us6000spyf,2026-05-06T14:07:28.040Z,"19 km E of Canowindra, Australia",earthquake,5.7,1.848,0.15,13,reviewed,us,us
2026-04-14T10:13:16.531Z,-49.2889,30.4071,10,5.7,mwb,122,38,14.671,0.36,us,us6000spye,2026-05-07T12:39:05.431Z,"south of Africa",earthquake,6.85,1.731,0.086,13,reviewed,us,us
2026-04-14T08:10:40.013Z,1.128,126.3106,39.944,4.6,mb,87,89,6.663,0.71,us,us6000spxi,2026-05-06T09:21:04.040Z,"125 km WNW of Ternate, Indonesia",earthquake,8.83,4.006,0.058,89,reviewed,us,us
2026-04-14T03:04:20.670Z,18.9854,145.4573,212.32,5.4,mww,288,11,3.737,0.7,us,us6000spva,2026-05-09T03:14:35.571Z,"Pagan region, Northern Mariana Islands",earthquake,9.13,4.684,0.065,23,reviewed,us,us
2026-04-14T02:51:50.650Z,49.8458,155.7276,80.086,4.7,mb,170,126,3.492,0.51,us,us6000spv5,2026-05-08T02:02:17.040Z,"96 km SSW of Severo-Kuril’sk, Russia",earthquake,10.85,6.597,0.044,153,reviewed,us,us
2026-04-14T01:29:12.123Z,39.3345,-119.0075,5,5.68,mwr,28,111,0.394,0.274,nn,nn00914068,2026-05-09T01:39:15.780Z,"20 km ESE of Silver Springs, Nevada",earthquake,,2.1641,,,reviewed,nn,nn
2026-04-13T19:27:53.381Z,-53.0546,22.38,10,4.5,mb,21,80,20.069,0.63,us,us6000ss3w,2026-04-25T15:08:55.040Z,"south of Africa",earthquake,14.01,1.896,0.128,19,reviewed,us,us
2026-04-13T18:54:22.557Z,-0.0738,125.6445,35,4.5,mb,57,71,6.135,0.74,us,us6000sprj,2026-04-25T17:35:43.040Z,"146 km ESE of Modisi, Indonesia",earthquake,11.18,1.915,0.073,55,reviewed,us,us
2026-04-13T18:36:19.304Z,51.577,159.3563,39.739,4.5,mb,76,138,1.84,0.73,us,us6000sprh,2026-04-25T17:07:42.040Z,"164 km SSE of Vilyuchinsk, Russia",earthquake,11.09,7.267,0.06,83,reviewed,us,us
2026-04-13T12:57:01.445Z,1.0898,126.444,41.165,4.6,mb,60,90,7.038,0.74,us,us6000spmf,2026-05-05T15:10:57.040Z,"109 km WNW of Ternate, Indonesia",earthquake,9.17,6.836,0.071,59,reviewed,us,us
2026-04-13T09:52:51.386Z,-13.9857,167.5174,10,4.5,mb,20,165,1.484,1.06,us,us6000ss3j,2026-05-07T14:04:41.040Z,"12 km SSW of Sola, Vanuatu",earthquake,11.49,1.918,0.191,11,reviewed,us,us
2026-04-13T08:39:50.933Z,29.6567,104.9833,10,4.5,mb,60,54,3.963,0.53,us,us6000splu,2026-05-07T05:53:01.040Z,"11 km NW of Neijiang, China",earthquake,4.74,1.878,0.085,41,reviewed,us,us
2026-04-13T07:37:12.671Z,12.7636,143.4997,143.495,4.5,mb,21,78,1.565,0.53,us,us6000ss3h,2026-05-07T13:06:11.040Z,"138 km WSW of Merizo Village, Guam",earthquake,7.59,7.576,0.14,15,reviewed,us,us
2026-04-13T07:09:38.718Z,10.8753,126.0354,35,4.5,mb,48,138,3.808,0.52,us,us6000ss3e,2026-05-07T15:39:21.040Z,"23 km ESE of Sulangan, Philippines",earthquake,10.95,1.833,0.093,34,reviewed,us,us
2026-04-13T06:59:43.476Z,1.4674,126.3391,39.029,4.9,mb,101,77,5.616,0.39,us,us6000sple,2026-05-07T11:26:10.040Z,"134 km E of Bitung, Indonesia",earthquake,4.15,7.046,0.051,121,reviewed,us,us
2026-04-13T06:28:05.668Z,0.7852,125.9759,35,4.5,mb,35,118,6.573,0.44,us,us6000ss41,2026-05-08T12:09:37.040Z,"118 km SE of Bitung, Indonesia",earthquake,9.32,1.929,0.113,23,reviewed,us,us
2026-04-13T06:23:22.145Z,1.0352,126.5563,52.925,5.1,mb,100,69,6.073,0.52,us,us6000splc,2026-05-07T08:14:34.040Z,"96 km WNW of Ternate, Indonesia",earthquake,8.02,6.905,0.059,92,reviewed,us,us
2026-04-13T06:21:39.618Z,1.0212,126.4727,42.649,5.1,mb,124,69,6.487,0.43,us,us6000spl2,2026-05-07T12:00:23.040Z,"104 km WNW of Ternate, Indonesia",earthquake,8.58,6.81,0.049,133,reviewed,us,us
2026-04-13T05:48:34.168Z,35.9844,30.1993,10,4.7,mb,107,76,0.798,0.49,us,us6000spkw,2026-05-07T12:18:42.040Z,"34 km SSE of Demre, Turkey",earthquake,4.24,1.848,0.054,103,reviewed,us,us
2026-04-13T05:05:09.485Z,0.0553,125.49,48.363,4.5,mb,23,74,6.334,0.74,us,us6000ss38,2026-05-07T14:44:21.040Z,"125 km ESE of Modisi, Indonesia",earthquake,13.28,9.648,0.136,16,reviewed,us,us
2026-04-13T03:13:27.005Z,-15.1733,-173.6551,10,4.5,mb,29,61,2.206,0.39,us,us6000ss34,2026-05-05T02:36:05.040Z,"87 km N of Hihifo, Tonga",earthquake,11.33,1.87,0.099,30,reviewed,us,us
2026-04-13T02:56:01.395Z,-5.1536,153.607,67.262,5.1,mb,71,121,1.727,0.83,us,us6000spka,2026-05-01T05:31:41.040Z,"173 km ESE of Kokopo, Papua New Guinea",earthquake,10.65,6.229,0.047,145,reviewed,us,us
2026-04-13T02:14:58.602Z,-18.4567,-175.3668,228.839,5.4,mww,129,45,19.293,0.52,us,us6000spk9,2026-05-01T05:29:13.327Z,"147 km W of Neiafu, Tonga",earthquake,11.5,4.986,0.08,15,reviewed,us,us
2026-04-13T00:34:03.551Z,-19.1641,168.2064,10,4.6,mb,23,162,3.331,0.39,us,us6000ss2y,2026-05-06T21:28:04.040Z,"120 km WNW of Isangel, Vanuatu",earthquake,11.95,1.936,0.146,14,reviewed,us,us
2026-04-13T00:27:20.329Z,-15.1832,167.5118,116.667,4.6,mb,34,143,0.397,0.64,us,us6000spjz,2026-05-06T21:32:01.040Z,"49 km ESE of Port-Olry, Vanuatu",earthquake,4.78,5.526,0.107,26,reviewed,us,us
2026-04-12T21:48:39.582Z,-11.5527,163.3988,10,4.5,mb,33,159,3.991,0.85,us,us6000spjr,2026-05-06T03:07:58.040Z,"202 km SE of Kirakira, Solomon Islands",earthquake,8.2,1.916,0.105,28,reviewed,us,us
2026-04-12T21:00:36.254Z,6.1979,-72.4159,10,4.6,mb,48,76,2.324,0.47,us,us6000spjl,2026-05-06T02:17:19.040Z,"6 km E of Chita, Colombia",earthquake,6.4,1.833,0.06,82,reviewed,us,us
2026-04-12T20:41:16.631Z,50.7453,-172.8653,10,4.6,mb,82,150,1.68,0.56,us,us6000spjf,2026-04-25T16:45:12.040Z,"186 km SSE of Atka, Alaska",earthquake,6.67,1.904,0.037,215,reviewed,us,us
2026-04-12T20:14:10.790Z,54.2062,-162.4767,42.702,5.1,mww,106,123,0.772,0.72,us,us6000spjb,2026-05-10T20:24:30.706Z,"94 km SE of False Pass, Alaska",earthquake,4.94,5.786,0.05,39,reviewed,us,us
2026-04-12T20:06:58.214Z,-11.5935,163.2513,10,4.8,mww,43,87,3.891,0.88,us,us6000spja,2026-04-25T16:05:00.040Z,"192 km SE of Kirakira, Solomon Islands",earthquake,6.57,1.806,0.098,10,reviewed,us,us
2026-04-12T20:05:14.422Z,49.8144,155.799,70.05,4.9,mb,94,123,3.506,0.62,us,us6000spj7,2026-04-25T16:02:09.040Z,"98 km SSW of Severo-Kuril’sk, Russia",earthquake,11.02,6.829,0.03,353,reviewed,us,us
2026-04-12T19:43:51.659Z,13.9272,145.6279,100.735,4.5,mb,78,72,0.811,0.87,us,us6000spj5,2026-04-25T15:44:17.876Z,"90 km ENE of Yigo Village, Guam",earthquake,7.14,6.48,0.051,114,reviewed,us,us
2026-04-12T18:46:00.939Z,38.6757,49.5609,10,4.7,mb,72,96,0.712,0.5,us,us6000spiw,2026-04-25T15:36:57.040Z,"62 km E of Lankaran, Azerbaijan",earthquake,8.75,1.886,0.05,119,reviewed,us,us
2026-04-12T13:00:44.963Z,38.2969,141.7036,75.664,4.5,mwr,61,97,2.538,0.81,us,us6000sphk,2026-05-03T15:42:39.040Z,"27 km SE of Onagawa Chō, Japan",earthquake,9.61,5.51,0.08,15,reviewed,us,us
2026-04-12T12:14:28.822Z,0.0777,-17.0708,10,4.6,mb,26,75,8.403,0.4,us,us6000ss0a,2026-05-05T12:52:06.040Z,"north of Ascension Island",earthquake,11.72,1.867,0.119,21,reviewed,us,us
2026-04-12T11:50:18.322Z,5.9529,-78.7156,10,4.8,mww,64,117,3.381,1.01,us,us6000sph9,2026-05-05T14:54:48.040Z,"148 km WSW of Bahía Solano, Colombia",earthquake,7.55,1.892,0.073,18,reviewed,us,us
2026-04-12T02:40:36.042Z,1.9326,94.7324,10,5.2,mb,83,43,2.91,0.9,us,us6000spea,2026-04-23T00:43:47.040Z,"193 km WSW of Sinabang, Indonesia",earthquake,7.73,1.774,0.063,84,reviewed,us,us
